Model Name;Maximum Empty Rows (%);Maximum Empty Column (%);Mean Maximum Empty Row or Column
restart_7b-gsm8k-rosa_wl64_d0.006_8grads_mean_r16_loralr0.0007_alpha16-lr0.0004-epochs1-wu20-seed42-903;94.425;88.90806686046511;41.137765624999986
restart_7b-gsm8k-rosa_wl64_d0.003_8grads_mean_r8_loralr0.0007_alpha16-lr0.0003-epochs1-wu20-seed42-19023;95.075;96.484375;58.53463061208011
restart_7b-gsm8k-rosa_wl64_d0.012_8grads_mean_squared_r32_loralr0.0007_alpha16-lr0.0002-epochs1-wu20-seed42-25927;93.58125000000001;83.15770348837209;27.22005658510982
restart_7b-gsm8k-rosa_wl64_d0.012_32grads_mean_r32_loralr0.0007_alpha16-lr0.0004-epochs1-wu20-seed42-9349;89.62187499999999;84.79287790697676;25.838814740794568
restart_7b-sql-rosa_wl64_d0.006_1grads_mean_r16_loralr0.0004_alpha16-lr0.0004-epochs1-wu20-seed42-10780;96.975;94.13154069767442;51.08231167231912
restart_7b-gsm8k-rosa_wl64_d0.006_1grads_mean_r48_loralr0.0007_alpha16-lr0.0002-epochs3-wu20-seed42-26590;97.478125;93.64098837209302;42.155569363695086
restart_7b-gsm8k-rosa_wl64_d0.012_1grads_mean_r32_loralr0.0003_alpha16-lr0.0003-epochs3-wu20-seed42-16868;96.375;85.19258720930233;26.785510436854008
restart_7b-viggo-rosa_wl64_d0.009_1grads_mean_r8_loralr0.0002_alpha16-lr0.0002-epochs3-wu20-seed42-32176;95.271875;92.19658430232558;37.95254322109174
restart_7b-gsm8k-rosa_wl64_d0.0015_1grads_mean_r12_loralr0.0007_alpha16-lr0.0004-epochs3-wu20-seed42-26508;98.1875;98.9990234375;73.77852137839147
restart_7b-gsm8k-rosa_wl64_d0.018_1grads_mean_r16_loralr0.0007_alpha16-lr0.0002-epochs1-wu20-seed42-30673;94.915625;79.97819767441861;19.99197046592377
restart_7b-gsm8k-rosa_wl64_d0.0015_1grads_mean_r12_loralr0.0007_alpha16-lr0.0003-epochs3-wu20-seed42-31123;98.1875;98.9990234375;73.77852137839147
restart_7b-sql-rosa_wl64_d0.0045_1grads_mean_r4_loralr0.0003_alpha16-lr0.0003-epochs1-wu20-seed42-23605;97.809375;95.8740234375;59.385211502745484
restart_7b-gsm8k-rosa_wl64_d0.012_32grads_mean_squared_r32_loralr0.0007_alpha16-lr0.0003-epochs1-wu20-seed42-17961;89.62187499999999;84.79287790697676;25.838814740794568
restart_7b-gsm8k-rosa_wl64_d0.012_8grads_mean_r32_loralr0.0007_alpha16-lr0.0002-epochs1-wu20-seed42-8520;93.58125000000001;83.15770348837209;27.22005658510982
restart_7b-gsm8k-rosa_wl64_d0.006_1grads_mean_squared_r16_loralr0.0007_alpha16-lr0.0004-epochs1-wu20-seed42-4163;97.496875;93.79542151162791;41.442514777131784
restart_7b-gsm8k-rosa_wl64_d0.009_1grads_mean_r8_loralr0.0003_alpha16-lr0.0003-epochs1-wu20-seed42-6748;96.975;89.34411337209302;32.717407864987074
restart_7b-sql-rosa_wl64_d0.012_1grads_mean_r32_loralr0.0004_alpha16-lr0.0004-epochs1-wu20-seed42-26777;91.1375;85.15625;34.46443913517441
restart_7b-viggo-rosa_wl64_d0.0045_1grads_mean_r4_loralr0.0002_alpha16-lr0.0002-epochs3-wu20-seed42-21186;96.19375;91.4306640625;55.22598748385014
restart_7b-sql-rosa_wl64_d0.003_1grads_mean_r8_loralr0.0007_alpha16-lr0.0003-epochs1-wu20-seed42-26441;98.65;96.9482421875;62.71112996608527
restart_7b-sql-rosa_wl64_d0.006_1grads_mean_r16_loralr0.0007_alpha16-lr0.0003-epochs1-wu20-seed42-17362;96.090625;94.74927325581395;49.57038440729974
restart_7b-sql-rosa_wl64_d0.006_1grads_mean_r48_loralr0.0002_alpha16-lr0.0002-epochs1-wu20-seed42-32763;97.05625;92.11482558139535;53.87003702357884
restart_7b-sql-rosa_wl64_d0.0015_1grads_mean_r12_loralr0.0004_alpha16-lr0.0004-epochs1-wu20-seed42-16561;99.14375;97.9248046875;79.34381031976744
restart_7b-sql-rosa_wl64_d0.003_1grads_mean_r8_loralr0.0003_alpha16-lr0.0003-epochs1-wu20-seed42-31660;98.575;96.8505859375;66.34303631702197
restart_7b-gsm8k-rosa_wl64_d0.006_1grads_mean_r48_loralr0.0007_alpha16-lr0.0003-epochs3-wu20-seed42-31617;97.478125;93.64098837209302;42.155569363695086
restart_7b-gsm8k-rosa_wl64_d0.018_1grads_mean_r16_loralr0.0007_alpha16-lr0.0003-epochs2-wu20-seed42-28765;94.909375;79.96911337209302;19.804013707202838
restart_7b-gsm8k-rosa_wl64_d0.009_1grads_mean_r8_loralr0.0007_alpha16-lr0.0003-epochs1-wu20-seed42-17018;96.96875;89.68931686046511;32.76636214066537
restart_7b-gsm8k-rosa_wl64_d0.006_32grads_mean_r16_loralr0.0007_alpha16-lr0.0002-epochs1-wu20-seed42-21318;90.790625;93.40479651162791;39.43100399709301
restart_7b-gsm8k-rosa_wl64_d0.003_32grads_mean_r8_loralr0.0007_alpha16-lr0.0002-epochs1-wu20-seed42-1204;92.15;96.82957848837209;56.43081029958011
restart_7b-gsm8k-rosa_wl64_d0.006_8grads_mean_squared_r16_loralr0.0007_alpha16-lr0.0004-epochs1-wu20-seed42-27415;94.425;88.90806686046511;41.137765624999986
restart_7b-sql-rosa_wl64_d0.0045_1grads_mean_r4_loralr0.0001_alpha16-lr0.0001-epochs1-wu20-seed42-19060;98.20625;95.6298828125;56.415124111757095
restart_7b-gsm8k-rosa_wl64_d0.006_1grads_mean_r48_loralr0.0003_alpha16-lr0.0003-epochs1-wu20-seed42-11650;97.475;93.80450581395348;41.67881633559432
restart_7b-viggo-rosa_wl64_d0.006_1grads_mean_r16_loralr0.0001_alpha16-lr0.0001-epochs3-wu20-seed42-994;97.52499999999999;92.578125;46.68459259932172
restart_7b-gsm8k-rosa_wl64_d0.0015_1grads_mean_r12_loralr0.0003_alpha16-lr0.0003-epochs3-wu20-seed42-8424;98.190625;98.9013671875;74.0358430838178
restart_7b-gsm8k-rosa_wl64_d0.0015_1grads_mean_r12_loralr0.0007_alpha16-lr0.0002-epochs1-wu20-seed42-4873;98.1875;98.974609375;73.49661276647288
restart_7b-gsm8k-rosa_wl64_d0.0045_1grads_mean_r4_loralr0.0007_alpha16-lr0.0003-epochs1-wu20-seed42-29436;97.675;95.73946220930233;49.232500161498706
restart_7b-viggo-rosa_wl64_d0.006_1grads_mean_r48_loralr0.0001_alpha16-lr0.0001-epochs1-wu20-seed42-18335;95.025;88.4765625;47.42353700339148
restart_7b-gsm8k-rosa_wl64_d0.006_32grads_mean_squared_r16_loralr0.0007_alpha16-lr0.0002-epochs1-wu20-seed42-2856;90.790625;93.40479651162791;39.43100399709301
restart_7b-gsm8k-rosa_wl64_d0.003_32grads_mean_r8_loralr0.0007_alpha16-lr0.0004-epochs1-wu20-seed42-30687;92.15;96.82957848837209;56.43081029958011
restart_7b-gsm8k-rosa_wl64_d0.012_1grads_mean_r32_loralr0.0007_alpha16-lr0.0003-epochs3-wu20-seed42-19139;96.428125;84.38408430232558;27.533462855297156
restart_7b-gsm8k-rosa_wl64_d0.018_1grads_mean_r16_loralr0.0007_alpha16-lr0.0002-epochs3-wu20-seed42-23897;94.796875;79.94186046511628;19.60347232315891
restart_7b-sql-rosa_wl64_d0.0015_1grads_mean_r12_loralr0.0002_alpha16-lr0.0002-epochs3-wu20-seed42-29722;99.1875;98.73046875;79.13914869993538
restart_7b-viggo-rosa_wl64_d0.0015_1grads_mean_r12_loralr0.0002_alpha16-lr0.0002-epochs3-wu20-seed42-7551;99.53125;98.9013671875;75.2943727793928
restart_7b-viggo-rosa_wl64_d0.012_1grads_mean_r32_loralr0.0002_alpha16-lr0.0002-epochs1-wu20-seed42-15658;87.828125;84.31140988372093;32.95999858688631
restart_7b-gsm8k-rosa_wl64_d0.003_1grads_mean_r24_loralr0.0007_alpha16-lr0.0003-epochs3-wu20-seed42-15769;97.85312499999999;96.62063953488372;59.02304322109172
restart_7b-sql-rosa_wl64_d0.006_1grads_mean_r16_loralr0.0002_alpha16-lr0.0002-epochs1-wu20-seed42-11099;97.09687500000001;90.2587890625;52.71410889050388
restart_7b-gsm8k-rosa_wl64_d0.003_32grads_mean_squared_r8_loralr0.0007_alpha16-lr0.0002-epochs1-wu20-seed42-6129;92.15;96.82957848837209;56.43081029958011
restart_7b-gsm8k-rosa_wl64_d0.006_32grads_mean_r16_loralr0.0007_alpha16-lr0.0003-epochs1-wu20-seed42-11918;90.790625;93.40479651162791;39.43100399709301
restart_7b-sql-rosa_wl64_d0.006_1grads_mean_r48_loralr0.0002_alpha16-lr0.0002-epochs3-wu20-seed42-32309;97.0;92.12390988372093;53.62110677083336
restart_7b-gsm8k-rosa_wl64_d0.006_8grads_mean_r16_loralr0.0007_alpha16-lr0.0003-epochs1-wu20-seed42-17250;94.425;88.90806686046511;41.137765624999986
restart_7b-viggo-rosa_wl64_d0.0015_1grads_mean_r12_loralr0.0001_alpha16-lr0.0001-epochs3-wu20-seed42-12832;99.5;98.974609375;74.87890211159564
restart_7b-sql-rosa_wl64_d0.006_1grads_mean_r16_loralr0.0003_alpha16-lr0.0003-epochs1-wu20-seed42-12041;97.06875000000001;92.05123546511628;52.603243721737726
restart_7b-sql-rosa_wl64_d0.009_1grads_mean_r8_loralr0.0002_alpha16-lr0.0002-epochs1-wu20-seed42-1781;94.846875;87.255859375;43.787755127584006
restart_7b-sql-rosa_wl64_d0.003_1grads_mean_r8_loralr0.0004_alpha16-lr0.0004-epochs1-wu20-seed42-23185;98.615625;96.7296511627907;65.94562219395996
restart_7b-gsm8k-rosa_wl64_d0.0015_1grads_mean_r12_loralr0.0007_alpha16-lr0.0003-epochs1-wu20-seed42-22767;98.1875;98.974609375;73.49661276647288
restart_7b-sql-rosa_wl64_d0.018_1grads_mean_r16_loralr0.0002_alpha16-lr0.0002-epochs3-wu20-seed42-17381;86.5;78.93350290697676;31.540820615310075
restart_7b-gsm8k-rosa_wl64_d0.0045_1grads_mean_r4_loralr0.0003_alpha16-lr0.0003-epochs3-wu20-seed42-7246;97.675;95.1126453488372;48.8703695897933
restart_7b-sql-rosa_wl64_d0.006_1grads_mean_r16_loralr0.0001_alpha16-lr0.0001-epochs1-wu20-seed42-5863;97.36875;92.7978515625;49.97697793523903
restart_7b-gsm8k-rosa_wl64_d0.003_1grads_mean_r24_loralr0.0003_alpha16-lr0.0003-epochs1-wu20-seed42-8466;97.90625;96.6842296511628;61.33925660125973
restart_7b-sql-rosa_wl64_d0.0045_1grads_mean_r4_loralr0.0007_alpha16-lr0.0003-epochs1-wu20-seed42-26804;97.8625;95.63045058139535;54.25224903100776
restart_7b-gsm8k-rosa_wl64_d0.003_1grads_mean_r24_loralr0.0007_alpha16-lr0.0003-epochs1-wu20-seed42-11622;97.87812500000001;96.78415697674419;58.85111026324289
restart_7b-gsm8k-rosa_wl64_d0.012_1grads_mean_r32_loralr0.0007_alpha16-lr0.0003-epochs2-wu20-seed42-22854;96.465625;84.36591569767442;27.350590923772604
restart_7b-gsm8k-rosa_wl64_d0.003_32grads_mean_r8_loralr0.0007_alpha16-lr0.0003-epochs1-wu20-seed42-11485;92.15;96.82957848837209;56.43081029958011
restart_7b-sql-rosa_wl64_d0.003_1grads_mean_r8_loralr0.0002_alpha16-lr0.0002-epochs1-wu20-seed42-17871;98.79375;96.5576171875;67.05042912225451
restart_7b-sql-rosa_wl64_d0.006_1grads_mean_r48_loralr0.0007_alpha16-lr0.0003-epochs1-wu20-seed42-13464;96.59375;94.86736918604652;54.14482810481268
restart_7b-sql-rosa_wl64_d0.009_1grads_mean_r8_loralr0.0003_alpha16-lr0.0003-epochs1-wu20-seed42-446;94.496875;87.78161337209302;43.11772109173126
restart_7b-gsm8k-rosa_wl64_d0.012_32grads_mean_squared_r32_loralr0.0007_alpha16-lr0.0004-epochs1-wu20-seed42-28138;89.62187499999999;84.79287790697676;25.838814740794568
restart_7b-gsm8k-rosa_wl64_d0.006_32grads_mean_squared_r16_loralr0.0007_alpha16-lr0.0004-epochs1-wu20-seed42-11810;90.790625;93.40479651162791;39.43100399709301
restart_7b-sql-rosa_wl64_d0.0015_1grads_mean_r12_loralr0.0007_alpha16-lr0.0003-epochs1-wu20-seed42-10316;99.15625;98.14680232558139;76.6001088097545
restart_7b-gsm8k-rosa_wl64_d0.012_32grads_mean_r32_loralr0.0007_alpha16-lr0.0002-epochs1-wu20-seed42-3682;89.62187499999999;84.79287790697676;25.838814740794568
restart_7b-gsm8k-rosa_wl64_d0.003_1grads_mean_r8_loralr0.0003_alpha16-lr0.0003-epochs1-wu20-seed42-11598;97.93125;97.265625;59.04462752341732
restart_7b-viggo-rosa_wl64_d0.009_1grads_mean_r8_loralr0.0002_alpha16-lr0.0002-epochs1-wu20-seed42-9226;95.478125;89.14425872093024;37.98906530604005
restart_7b-sql-rosa_wl64_d0.009_1grads_mean_r8_loralr0.0002_alpha16-lr0.0002-epochs3-wu20-seed42-14633;94.803125;86.328125;44.22763961563307
restart_7b-viggo-rosa_wl64_d0.003_1grads_mean_r24_loralr0.0001_alpha16-lr0.0001-epochs3-wu20-seed42-7501;98.7625;97.35646802325581;61.42004909560725
restart_7b-viggo-rosa_wl64_d0.006_1grads_mean_r48_loralr0.0001_alpha16-lr0.0001-epochs3-wu20-seed42-30017;96.584375;90.9423828125;47.2075236393734
restart_7b-gsm8k-rosa_wl64_d0.012_1grads_mean_r32_loralr0.0007_alpha16-lr0.0003-epochs1-wu20-seed42-2757;96.46875;85.0109011627907;27.128660166343668
restart_7b-gsm8k-rosa_wl64_d0.006_8grads_mean_r16_loralr0.0007_alpha16-lr0.0002-epochs1-wu20-seed42-12685;94.425;88.90806686046511;41.137765624999986
restart_7b-gsm8k-rosa_wl64_d0.006_1grads_mean_r16_loralr0.0007_alpha16-lr0.0003-epochs1-wu20-seed42-19402;97.496875;93.79542151162791;41.442514777131784
restart_7b-viggo-rosa_wl64_d0.009_1grads_mean_r8_loralr0.0001_alpha16-lr0.0001-epochs1-wu20-seed42-14052;95.496875;86.7431640625;38.52435535771963
restart_7b-sql-rosa_wl64_d0.003_1grads_mean_r24_loralr0.0004_alpha16-lr0.0004-epochs1-wu20-seed42-9868;98.565625;96.875;64.63351820897932
restart_7b-sql-rosa_wl64_d0.0015_1grads_mean_r12_loralr0.0003_alpha16-lr0.0003-epochs1-wu20-seed42-3536;99.253125;98.8525390625;78.91129316052972
restart_7b-sql-rosa_wl64_d0.018_1grads_mean_r16_loralr0.0004_alpha16-lr0.0004-epochs1-wu20-seed42-9632;86.875;80.06904069767442;29.748314861918608
restart_7b-gsm8k-rosa_wl64_d0.006_32grads_mean_squared_r16_loralr0.0007_alpha16-lr0.0003-epochs1-wu20-seed42-7039;90.790625;93.40479651162791;39.43100399709301
restart_7b-gsm8k-rosa_wl64_d0.003_1grads_mean_r8_loralr0.0007_alpha16-lr0.0003-epochs1-wu20-seed42-17739;97.85625;96.7296511627907;58.308501029554265
restart_7b-sql-rosa_wl64_d0.006_1grads_mean_r48_loralr0.0004_alpha16-lr0.0004-epochs1-wu20-seed42-1806;96.565625;94.10428779069767;48.84315473594962
restart_7b-gsm8k-rosa_wl64_d0.006_32grads_mean_r16_loralr0.0007_alpha16-lr0.0004-epochs1-wu20-seed42-20909;90.790625;93.40479651162791;39.43100399709301
restart_7b-sql-rosa_wl64_d0.009_1grads_mean_r8_loralr0.0001_alpha16-lr0.0001-epochs1-wu20-seed42-27852;95.321875;87.2802734375;41.25707695413438
restart_7b-gsm8k-rosa_wl64_d0.006_1grads_mean_r48_loralr0.0007_alpha16-lr0.0004-epochs3-wu20-seed42-26531;97.478125;93.64098837209302;42.155569363695086
restart_7b-gsm8k-rosa_wl64_d0.0015_1grads_mean_r12_loralr0.0003_alpha16-lr0.0003-epochs1-wu20-seed42-3011;98.1875;98.876953125;74.01997961078813
restart_7b-viggo-rosa_wl64_d0.003_1grads_mean_r24_loralr0.0002_alpha16-lr0.0002-epochs1-wu20-seed42-29839;98.9375;96.90225290697676;62.491086381621436
restart_7b-viggo-rosa_wl64_d0.003_1grads_mean_r8_loralr0.0001_alpha16-lr0.0001-epochs1-wu20-seed42-29584;98.89375;96.45712209302324;62.200285105781624
restart_7b-sql-rosa_wl64_d0.006_1grads_mean_r48_loralr0.0003_alpha16-lr0.0003-epochs1-wu20-seed42-31775;96.796875;92.1142578125;52.27688802083332
restart_7b-gsm8k-rosa_wl64_d0.0045_1grads_mean_r4_loralr0.0007_alpha16-lr0.0003-epochs3-wu20-seed42-32632;97.6375;95.56686046511628;48.99237921915375
restart_7b-gsm8k-rosa_wl64_d0.003_8grads_mean_squared_r8_loralr0.0007_alpha16-lr0.0004-epochs1-wu20-seed42-16268;95.075;96.484375;58.53463061208011
restart_7b-gsm8k-rosa_wl64_d0.012_8grads_mean_squared_r32_loralr0.0007_alpha16-lr0.0003-epochs1-wu20-seed42-27538;93.58125000000001;83.15770348837209;27.22005658510982
restart_7b-gsm8k-rosa_wl64_d0.018_1grads_mean_r16_loralr0.0007_alpha16-lr0.0003-epochs3-wu20-seed42-9578;94.796875;79.94186046511628;19.60347232315891
restart_7b-sql-rosa_wl64_d0.012_1grads_mean_r32_loralr0.0007_alpha16-lr0.0003-epochs1-wu20-seed42-23005;91.715625;86.27361918604652;33.19878950662144
restart_7b-gsm8k-rosa_wl64_d0.0015_1grads_mean_r12_loralr0.0007_alpha16-lr0.0004-epochs1-wu20-seed42-23760;98.1875;98.974609375;73.49661276647288
restart_7b-sql-rosa_wl64_d0.003_1grads_mean_r24_loralr0.0002_alpha16-lr0.0002-epochs3-wu20-seed42-2297;98.69687499999999;96.47529069767442;70.1627625161499
restart_7b-sql-rosa_wl64_d0.012_1grads_mean_r32_loralr0.0003_alpha16-lr0.0003-epochs1-wu20-seed42-3432;91.828125;84.04796511627907;38.746343669250656
restart_7b-gsm8k-rosa_wl64_d0.006_1grads_mean_r48_loralr0.0007_alpha16-lr0.0003-epochs2-wu20-seed42-26983;97.48750000000001;93.51380813953489;43.156254501776495
restart_7b-viggo-rosa_wl64_d0.003_1grads_mean_r8_loralr0.0001_alpha16-lr0.0001-epochs3-wu20-seed42-19367;99.009375;97.28379360465115;61.46315869266795
restart_7b-gsm8k-rosa_wl64_d0.003_1grads_mean_squared_r8_loralr0.0007_alpha16-lr0.0004-epochs1-wu20-seed42-30819;97.85625;96.7296511627907;58.308501029554265
restart_7b-sql-rosa_wl64_d0.006_1grads_mean_r48_loralr0.0001_alpha16-lr0.0001-epochs1-wu20-seed42-19689;97.271875;92.626953125;49.70756371124032
restart_7b-gsm8k-rosa_wl64_d0.018_1grads_mean_r16_loralr0.0003_alpha16-lr0.0003-epochs1-wu20-seed42-13965;94.575;80.39607558139535;19.909063751614987
restart_7b-sql-rosa_wl64_d0.0045_1grads_mean_r4_loralr0.0002_alpha16-lr0.0002-epochs3-wu20-seed42-28244;98.059375;96.2158203125;58.366569303133105
restart_7b-gsm8k-rosa_wl64_d0.006_1grads_mean_r48_loralr0.0007_alpha16-lr0.0004-epochs1-wu20-seed42-15342;97.5;94.03161337209302;40.94162275920544
restart_7b-gsm8k-rosa_wl64_d0.012_8grads_mean_r32_loralr0.0007_alpha16-lr0.0004-epochs1-wu20-seed42-29155;93.58125000000001;83.15770348837209;27.22005658510982
restart_7b-gsm8k-rosa_wl64_d0.003_1grads_mean_squared_r8_loralr0.0007_alpha16-lr0.0003-epochs1-wu20-seed42-11902;97.85625;96.7296511627907;58.308501029554265
restart_7b-sql-rosa_wl64_d0.012_1grads_mean_r32_loralr0.0002_alpha16-lr0.0002-epochs1-wu20-seed42-25039;92.259375;83.71184593023256;39.42660537790699
restart_7b-gsm8k-rosa_wl64_d0.012_1grads_mean_squared_r32_loralr0.0007_alpha16-lr0.0003-epochs1-wu20-seed42-17832;96.46875;85.0109011627907;27.128660166343668
restart_7b-sql-rosa_wl64_d0.003_1grads_mean_r24_loralr0.0002_alpha16-lr0.0002-epochs1-wu20-seed42-14338;98.71562499999999;96.36627906976744;69.15993634932171
restart_7b-gsm8k-rosa_wl64_d0.006_1grads_mean_r16_loralr0.0003_alpha16-lr0.0003-epochs1-wu20-seed42-3798;97.4375;93.77725290697676;41.659231972706735
restart_7b-sql-rosa_wl64_d0.018_1grads_mean_r16_loralr0.0007_alpha16-lr0.0003-epochs1-wu20-seed42-23692;84.91875;82.29469476744185;27.910089874031005
restart_7b-sql-rosa_wl64_d0.0015_1grads_mean_r12_loralr0.0002_alpha16-lr0.0002-epochs1-wu20-seed42-6348;99.19687499999999;98.779296875;78.81839084706075
restart_7b-sql-rosa_wl64_d0.003_1grads_mean_r24_loralr0.0007_alpha16-lr0.0003-epochs1-wu20-seed42-29305;98.225;96.7529296875;67.61080761466407
restart_7b-gsm8k-rosa_wl64_d0.018_1grads_mean_r16_loralr0.0003_alpha16-lr0.0003-epochs3-wu20-seed42-14460;94.95625;80.15079941860465;20.262557897286825
restart_7b-sql-rosa_wl64_d0.009_1grads_mean_r8_loralr0.0004_alpha16-lr0.0004-epochs1-wu20-seed42-19273;94.903125;89.794921875;42.6926224765827
restart_7b-viggo-rosa_wl64_d0.0015_1grads_mean_r12_loralr0.0002_alpha16-lr0.0002-epochs1-wu20-seed42-21953;99.5375;98.779296875;75.36771844718992
restart_7b-gsm8k-rosa_wl64_d0.003_1grads_mean_r24_loralr0.0003_alpha16-lr0.0003-epochs3-wu20-seed42-9511;97.89375;96.71148255813954;58.69088971656974
restart_7b-viggo-rosa_wl64_d0.003_1grads_mean_r24_loralr0.0001_alpha16-lr0.0001-epochs1-wu20-seed42-3798;99.10624999999999;97.28379360465115;61.651886648094326
restart_7b-gsm8k-rosa_wl64_d0.012_8grads_mean_squared_r32_loralr0.0007_alpha16-lr0.0004-epochs1-wu20-seed42-19135;93.58125000000001;83.15770348837209;27.22005658510982
restart_7b-gsm8k-rosa_wl64_d0.003_8grads_mean_squared_r8_loralr0.0007_alpha16-lr0.0003-epochs1-wu20-seed42-28046;95.075;96.484375;58.53463061208011
restart_7b-gsm8k-rosa_wl64_d0.012_1grads_mean_squared_r32_loralr0.0007_alpha16-lr0.0004-epochs1-wu20-seed42-18887;96.46875;85.0109011627907;27.128660166343668
restart_7b-gsm8k-rosa_wl64_d0.006_1grads_mean_r48_loralr0.0007_alpha16-lr0.0002-epochs1-wu20-seed42-16905;97.5;94.03161337209302;40.94162275920544
restart_7b-gsm8k-rosa_wl64_d0.012_1grads_mean_r32_loralr0.0007_alpha16-lr0.0002-epochs1-wu20-seed42-8859;96.46875;85.0109011627907;27.128660166343668
restart_7b-sql-rosa_wl64_d0.012_1grads_mean_r32_loralr0.0002_alpha16-lr0.0002-epochs3-wu20-seed42-31840;92.11875;83.87536337209302;39.405343871124025
restart_7b-gsm8k-rosa_wl64_d0.006_8grads_mean_squared_r16_loralr0.0007_alpha16-lr0.0003-epochs1-wu20-seed42-13265;94.425;88.90806686046511;41.137765624999986
restart_7b-viggo-rosa_wl64_d0.018_1grads_mean_r16_loralr0.0002_alpha16-lr0.0002-epochs3-wu20-seed42-9843;92.115625;82.8857421875;24.11969680636306
restart_7b-viggo-rosa_wl64_d0.0045_1grads_mean_r4_loralr0.0001_alpha16-lr0.0001-epochs1-wu20-seed42-31021;98.059375;96.44803779069767;52.55887893653101
restart_7b-gsm8k-rosa_wl64_d0.003_8grads_mean_r8_loralr0.0007_alpha16-lr0.0004-epochs1-wu20-seed42-1555;95.075;96.484375;58.53463061208011
restart_7b-gsm8k-rosa_wl64_d0.012_1grads_mean_r32_loralr0.0007_alpha16-lr0.0004-epochs1-wu20-seed42-16030;96.46875;85.0109011627907;27.128660166343668
restart_7b-gsm8k-rosa_wl64_d0.012_1grads_mean_r32_loralr0.0003_alpha16-lr0.0003-epochs1-wu20-seed42-542;96.37187499999999;85.11991279069767;26.873546148255816
restart_7b-gsm8k-rosa_wl64_d0.0015_1grads_mean_r12_loralr0.0007_alpha16-lr0.0002-epochs3-wu20-seed42-8853;98.1875;98.9990234375;73.77852137839147
restart_7b-viggo-rosa_wl64_d0.0045_1grads_mean_r4_loralr0.0002_alpha16-lr0.0002-epochs1-wu20-seed42-27301;90.090625;92.3583984375;54.42357531895994
restart_7b-gsm8k-rosa_wl64_d0.006_1grads_mean_r16_loralr0.0003_alpha16-lr0.0003-epochs3-wu20-seed42-27422;97.496875;94.140625;41.79007513727391
restart_7b-viggo-rosa_wl64_d0.003_1grads_mean_r8_loralr0.0002_alpha16-lr0.0002-epochs1-wu20-seed42-21868;99.06875000000001;97.18386627906976;61.85359588985791
restart_7b-gsm8k-rosa_wl64_d0.012_32grads_mean_r32_loralr0.0007_alpha16-lr0.0003-epochs1-wu20-seed42-10470;89.62187499999999;84.79287790697676;25.838814740794568
restart_7b-viggo-rosa_wl64_d0.018_1grads_mean_r16_loralr0.0002_alpha16-lr0.0002-epochs1-wu20-seed42-6866;91.60312499999999;79.58757267441861;25.12565293927648
restart_7b-sql-rosa_wl64_d0.003_1grads_mean_r8_loralr0.0001_alpha16-lr0.0001-epochs1-wu20-seed42-3904;98.81875;95.61228197674419;64.43638588097548
restart_7b-sql-rosa_wl64_d0.003_1grads_mean_r24_loralr0.0001_alpha16-lr0.0001-epochs1-wu20-seed42-10816;98.790625;96.826171875;64.77594565568478
restart_7b-gsm8k-rosa_wl64_d0.012_8grads_mean_r32_loralr0.0007_alpha16-lr0.0003-epochs1-wu20-seed42-32519;93.58125000000001;83.15770348837209;27.22005658510982
restart_7b-sql-rosa_wl64_d0.018_1grads_mean_r16_loralr0.0002_alpha16-lr0.0002-epochs1-wu20-seed42-9009;86.53125;78.88808139534885;31.393440528100776
restart_7b-sql-rosa_wl64_d0.003_1grads_mean_r8_loralr0.0002_alpha16-lr0.0002-epochs3-wu20-seed42-12571;98.76875000000001;96.2158203125;67.41346552002581
restart_7b-sql-rosa_wl64_d0.018_1grads_mean_r16_loralr0.0001_alpha16-lr0.0001-epochs1-wu20-seed42-24721;88.265625;80.810546875;28.402206173288103
restart_7b-viggo-rosa_wl64_d0.018_1grads_mean_r16_loralr0.0001_alpha16-lr0.0001-epochs3-wu20-seed42-13797;89.99374999999999;80.47783430232558;25.184199854651155
restart_7b-gsm8k-rosa_wl64_d0.006_1grads_mean_r48_loralr0.0003_alpha16-lr0.0003-epochs3-wu20-seed42-7478;97.471875;93.65915697674419;42.35032669169895
restart_7b-viggo-rosa_wl64_d0.006_1grads_mean_r16_loralr0.0002_alpha16-lr0.0002-epochs3-wu20-seed42-32761;98.040625;95.77579941860465;45.79348603036177
restart_7b-sql-rosa_wl64_d0.0045_1grads_mean_r4_loralr0.0004_alpha16-lr0.0004-epochs1-wu20-seed42-16794;97.965625;95.703125;56.36643021237082
restart_7b-gsm8k-rosa_wl64_d0.003_1grads_mean_r8_loralr0.0007_alpha16-lr0.0003-epochs3-wu20-seed42-30686;97.909375;96.53888081395348;59.48026390907623
restart_7b-viggo-rosa_wl64_d0.0015_1grads_mean_r12_loralr0.0001_alpha16-lr0.0001-epochs1-wu20-seed42-28520;99.5375;98.974609375;75.18970144945088
restart_7b-sql-rosa_wl64_d0.018_1grads_mean_r16_loralr0.0003_alpha16-lr0.0003-epochs1-wu20-seed42-29581;87.4375;79.06976744186046;31.542605176033593
restart_7b-gsm8k-rosa_wl64_d0.018_1grads_mean_r16_loralr0.0007_alpha16-lr0.0004-epochs1-wu20-seed42-17264;94.915625;79.97819767441861;19.99197046592377
restart_7b-viggo-rosa_wl64_d0.006_1grads_mean_r48_loralr0.0002_alpha16-lr0.0002-epochs1-wu20-seed42-31376;97.721875;93.81359011627907;47.90390469557492
restart_7b-sql-rosa_wl64_d0.003_1grads_mean_r24_loralr0.0003_alpha16-lr0.0003-epochs1-wu20-seed42-7571;98.675;96.34811046511628;66.50713194444445
restart_7b-gsm8k-rosa_wl64_d0.003_32grads_mean_squared_r8_loralr0.0007_alpha16-lr0.0003-epochs1-wu20-seed42-25881;92.15;96.82957848837209;56.43081029958011
restart_7b-sql-rosa_wl64_d0.0015_1grads_mean_r12_loralr0.0001_alpha16-lr0.0001-epochs1-wu20-seed42-15783;99.3125;98.4130859375;77.07353773013568
restart_7b-gsm8k-rosa_wl64_d0.003_1grads_mean_squared_r8_loralr0.0007_alpha16-lr0.0002-epochs1-wu20-seed42-4789;97.85625;96.7296511627907;58.308501029554265
restart_7b-gsm8k-rosa_wl64_d0.009_1grads_mean_r8_loralr0.0007_alpha16-lr0.0003-epochs3-wu20-seed42-7268;97.01875;89.16242732558139;33.44392003795218
restart_7b-viggo-rosa_wl64_d0.009_1grads_mean_r8_loralr0.0001_alpha16-lr0.0001-epochs3-wu20-seed42-29259;95.55312500000001;91.54251453488372;37.18254604731912
restart_7b-gsm8k-rosa_wl64_d0.006_1grads_mean_r16_loralr0.0007_alpha16-lr0.0003-epochs3-wu20-seed42-16443;97.484375;93.76816860465115;41.118167292474155
restart_7b-sql-rosa_wl64_d0.012_1grads_mean_r32_loralr0.0001_alpha16-lr0.0001-epochs1-wu20-seed42-14305;92.675;83.13045058139535;35.80961226178941
restart_7b-gsm8k-rosa_wl64_d0.018_1grads_mean_r16_loralr0.0007_alpha16-lr0.0003-epochs1-wu20-seed42-6988;94.915625;79.97819767441861;19.99197046592377
restart_7b-gsm8k-rosa_wl64_d0.018_1grads_mean_r16_loralr0.0007_alpha16-lr0.0004-epochs3-wu20-seed42-4951;94.796875;79.94186046511628;19.60347232315891
restart_7b-viggo-rosa_wl64_d0.012_1grads_mean_r32_loralr0.0001_alpha16-lr0.0001-epochs1-wu20-seed42-30681;95.1;84.35683139534885;32.84204600694446
restart_7b-gsm8k-rosa_wl64_d0.003_1grads_mean_r8_loralr0.0003_alpha16-lr0.0003-epochs3-wu20-seed42-30923;97.90625;96.923828125;59.12372143491603
restart_7b-gsm8k-rosa_wl64_d0.0045_1grads_mean_r4_loralr0.0003_alpha16-lr0.0003-epochs1-wu20-seed42-21648;97.675;95.01271802325581;48.73699436773254
restart_7b-viggo-rosa_wl64_d0.0045_1grads_mean_r4_loralr0.0001_alpha16-lr0.0001-epochs3-wu20-seed42-3255;98.25625;96.13917151162791;52.17059756540698
restart_7b-gsm8k-rosa_wl64_d0.003_1grads_mean_r8_loralr0.0007_alpha16-lr0.0002-epochs1-wu20-seed42-17468;97.85625;96.7296511627907;58.308501029554265
restart_7b-gsm8k-rosa_wl64_d0.012_1grads_mean_r32_loralr0.0007_alpha16-lr0.0002-epochs3-wu20-seed42-6010;96.428125;84.38408430232558;27.533462855297156
restart_7b-viggo-rosa_wl64_d0.006_1grads_mean_r16_loralr0.0002_alpha16-lr0.0002-epochs1-wu20-seed42-9497;97.925;92.95058139534885;46.548031593184746
restart_7b-viggo-rosa_wl64_d0.006_1grads_mean_r16_loralr0.0001_alpha16-lr0.0001-epochs1-wu20-seed42-26032;97.89687500000001;94.3404796511628;47.39940096091731
restart_7b-viggo-rosa_wl64_d0.012_1grads_mean_r32_loralr0.0001_alpha16-lr0.0001-epochs3-wu20-seed42-5646;88.97500000000001;84.34774709302324;29.65946959786823
restart_7b-gsm8k-rosa_wl64_d0.006_8grads_mean_squared_r16_loralr0.0007_alpha16-lr0.0002-epochs1-wu20-seed42-16283;94.425;88.90806686046511;41.137765624999986
restart_7b-gsm8k-rosa_wl64_d0.003_8grads_mean_squared_r8_loralr0.0007_alpha16-lr0.0002-epochs1-wu20-seed42-28802;95.075;96.484375;58.53463061208011
restart_7b-gsm8k-rosa_wl64_d0.006_1grads_mean_squared_r16_loralr0.0007_alpha16-lr0.0003-epochs1-wu20-seed42-27828;97.496875;93.79542151162791;41.442514777131784
restart_7b-viggo-rosa_wl64_d0.012_1grads_mean_r32_loralr0.0002_alpha16-lr0.0002-epochs3-wu20-seed42-17308;94.284375;87.32739825581395;30.88884645510335
restart_7b-viggo-rosa_wl64_d0.003_1grads_mean_r8_loralr0.0002_alpha16-lr0.0002-epochs3-wu20-seed42-23436;99.040625;97.50181686046511;61.68549961644059
restart_7b-sql-rosa_wl64_d0.009_1grads_mean_r8_loralr0.0007_alpha16-lr0.0003-epochs1-wu20-seed42-6779;95.85312499999999;87.58175872093024;39.85305937096251
restart_7b-viggo-rosa_wl64_d0.018_1grads_mean_r16_loralr0.0001_alpha16-lr0.0001-epochs1-wu20-seed42-21127;91.27187500000001;81.33175872093024;25.871377200419897
restart_7b-gsm8k-rosa_wl64_d0.009_1grads_mean_r8_loralr0.0003_alpha16-lr0.0003-epochs3-wu20-seed42-90;97.003125;89.33502906976744;32.6828585876938
restart_7b-sql-rosa_wl64_d0.006_1grads_mean_r16_loralr0.0002_alpha16-lr0.0002-epochs3-wu20-seed42-26908;97.125;92.28515625;52.79103914324935
restart_7b-gsm8k-rosa_wl64_d0.003_32grads_mean_squared_r8_loralr0.0007_alpha16-lr0.0004-epochs1-wu20-seed42-4553;92.15;96.82957848837209;56.43081029958011
restart_7b-viggo-rosa_wl64_d0.003_1grads_mean_r24_loralr0.0002_alpha16-lr0.0002-epochs3-wu20-seed42-9222;98.88125;97.49273255813954;62.28969731104648
restart_7b-viggo-rosa_wl64_d0.006_1grads_mean_r48_loralr0.0002_alpha16-lr0.0002-epochs3-wu20-seed42-24902;91.38125000000001;90.91796875;46.14429649144057
restart_7b-gsm8k-rosa_wl64_d0.006_1grads_mean_squared_r16_loralr0.0007_alpha16-lr0.0002-epochs1-wu20-seed42-29355;97.496875;93.79542151162791;41.442514777131784
restart_7b-gsm8k-rosa_wl64_d0.012_1grads_mean_squared_r32_loralr0.0007_alpha16-lr0.0002-epochs1-wu20-seed42-212;96.46875;85.0109011627907;27.128660166343668
restart_7b-gsm8k-rosa_wl64_d0.003_8grads_mean_r8_loralr0.0007_alpha16-lr0.0002-epochs1-wu20-seed42-20475;95.075;96.484375;58.53463061208011
restart_7b-gsm8k-rosa_wl64_d0.006_1grads_mean_r48_loralr0.0007_alpha16-lr0.0003-epochs1-wu20-seed42-12171;97.5;94.03161337209302;40.94162275920544
restart_7b-gsm8k-rosa_wl64_d0.012_32grads_mean_squared_r32_loralr0.0007_alpha16-lr0.0002-epochs1-wu20-seed42-7749;89.62187499999999;84.79287790697676;25.838814740794568
restart_7b-gsm8k-rosa_wl64_d0.012_1grads_mean_r32_loralr0.0007_alpha16-lr0.0004-epochs3-wu20-seed42-14625;96.428125;84.38408430232558;27.533462855297156
