layer_name;method;run0;run1;run2;run3;run4;mean;median
model.model.layers.0.self_attn.q_proj;Sputnik;0.14336000382900238;0.1454399973154068;0.14339199662208557;0.14336000382900238;0.14336000382900238;0.14378240704536438;0.14336000382900238
model.model.layers.0.self_attn.q_proj;Ours;0.09216000139713287;0.09216000139713287;0.09107200056314468;0.09216000139713287;0.09113600105047226;0.09173760563135147;0.09216000139713287
model.model.layers.0.self_attn.k_proj;Sputnik;0.1443839967250824;0.14339199662208557;0.1443839967250824;0.1443839967250824;0.1443839967250824;0.14418558776378632;0.1443839967250824
model.model.layers.0.self_attn.k_proj;Ours;0.07168000191450119;0.07260800153017044;0.0719040036201477;0.07372800260782242;0.07168000191450119;0.07231999933719635;0.0719040036201477
model.model.layers.0.self_attn.v_proj;Sputnik;0.1424960047006607;0.14233599603176117;0.14313599467277527;0.14336000382900238;0.14448000490665436;0.1431616097688675;0.14313599467277527
model.model.layers.0.self_attn.v_proj;Ours;0.09216000139713287;0.09120000153779984;0.09091199934482574;0.09193599969148636;0.09123200178146362;0.09148800373077393;0.09123200178146362
model.model.layers.0.self_attn.o_proj;Sputnik;0.14454400539398193;0.1451839953660965;0.1443839967250824;0.1443839967250824;0.14454400539398193;0.14460799098014832;0.14454400539398193
model.model.layers.0.self_attn.o_proj;Ours;0.07884799689054489;0.07868800312280655;0.07884799689054489;0.07964800298213959;0.07887999713420868;0.0789823979139328;0.07884799689054489
model.model.layers.0.mlp.gate_proj;Sputnik;0.38092800974845886;0.37987199425697327;0.3758080005645752;0.37990400195121765;0.37785598635673523;0.3788736164569855;0.37987199425697327
model.model.layers.0.mlp.gate_proj;Ours;0.36537599563598633;0.3664959967136383;0.36454400420188904;0.36556801199913025;0.40435200929641724;0.3732672333717346;0.36556801199913025
model.model.layers.0.mlp.up_proj;Sputnik;0.37273600697517395;0.37068799138069153;0.37068799138069153;0.37068799138069153;0.3688639998435974;0.37073278427124023;0.37068799138069153
model.model.layers.0.mlp.up_proj;Ours;0.3574399948120117;0.36137598752975464;0.35942399501800537;0.36131200194358826;0.35942399501800537;0.3597951829433441;0.35942399501800537
model.model.layers.0.mlp.down_proj;Sputnik;0.35926398634910583;0.35942399501800537;0.35839998722076416;0.3592959940433502;0.35839998722076416;0.35895678400993347;0.35926398634910583
model.model.layers.0.mlp.down_proj;Ours;0.14643199741840363;0.14560000598430634;0.14643199741840363;0.1454080045223236;0.14745600521564484;0.14626559615135193;0.14643199741840363
model.model.layers.1.self_attn.q_proj;Sputnik;0.13529600203037262;0.13743999600410461;0.1361279934644699;0.13619199395179749;0.13619199395179749;0.1362495869398117;0.13619199395179749
model.model.layers.1.self_attn.q_proj;Ours;0.11257600039243698;0.11366400122642517;0.11580800265073776;0.11283200234174728;0.11264000087976456;0.11350400745868683;0.11283200234174728
model.model.layers.1.self_attn.k_proj;Sputnik;0.14233599603176117;0.14336000382900238;0.14336000382900238;0.14336000382900238;0.14336000382900238;0.14315520226955414;0.14336000382900238
model.model.layers.1.self_attn.k_proj;Ours;0.09830400347709656;0.09728000313043594;0.09833600372076035;0.10857599973678589;0.09830400347709656;0.10016000270843506;0.09830400347709656
model.model.layers.1.self_attn.v_proj;Sputnik;0.1451839953660965;0.14441600441932678;0.14643199741840363;0.14528000354766846;0.1443839967250824;0.1451392024755478;0.1451839953660965
model.model.layers.1.self_attn.v_proj;Ours;0.1085439994931221;0.10751999914646149;0.10751999914646149;0.1085439994931221;0.10751999914646149;0.10792960226535797;0.10751999914646149
model.model.layers.1.self_attn.o_proj;Sputnik;0.1464959979057312;0.14643199741840363;0.14643199741840363;0.14643199741840363;0.14643199741840363;0.14644478261470795;0.14643199741840363
model.model.layers.1.self_attn.o_proj;Ours;0.08390399813652039;0.0870399996638298;0.08383999764919281;0.08211199939250946;0.08191999793052673;0.08376320451498032;0.08383999764919281
model.model.layers.1.mlp.gate_proj;Sputnik;0.41471999883651733;0.4136959910392761;0.4136959910392761;0.4145919978618622;0.4137600064277649;0.4140928387641907;0.4137600064277649
model.model.layers.1.mlp.gate_proj;Ours;0.3604480028152466;0.36048001050949097;0.35942399501800537;0.3604480028152466;0.3604480028152466;0.3602496087551117;0.3604480028152466
model.model.layers.1.mlp.up_proj;Sputnik;0.40035200119018555;0.40140798687934875;0.40243199467658997;0.40227198600769043;0.40243199467658997;0.4017791748046875;0.40227198600769043
model.model.layers.1.mlp.up_proj;Ours;0.3473280072212219;0.34406399726867676;0.3461120128631592;0.347135990858078;0.3489600121974945;0.34672001004219055;0.347135990858078
model.model.layers.1.mlp.down_proj;Sputnik;0.36556801199913025;0.36368000507354736;0.36556801199913025;0.36454400420188904;0.3646399974822998;0.36480003595352173;0.3646399974822998
model.model.layers.1.mlp.down_proj;Ours;0.1802240014076233;0.17817600071430206;0.17817600071430206;0.18111999332904816;0.17923200130462646;0.17938558757305145;0.17923200130462646
model.model.layers.2.self_attn.q_proj;Sputnik;0.12697599828243256;0.1340160071849823;0.13312000036239624;0.131071999669075;0.131071999669075;0.13125120103359222;0.131071999669075
model.model.layers.2.self_attn.q_proj;Ours;0.11059200018644333;0.11161600053310394;0.11161600053310394;0.11264000087976456;0.11161600053310394;0.11161600053310394;0.11161600053310394
model.model.layers.2.self_attn.k_proj;Sputnik;0.12800000607967377;0.12697599828243256;0.12697599828243256;0.12800000607967377;0.1279039978981018;0.1275712102651596;0.1279039978981018
model.model.layers.2.self_attn.k_proj;Ours;0.10956799983978271;0.1085439994931221;0.10956799983978271;0.10739199817180634;0.10956799983978271;0.10892800241708755;0.10956799983978271
model.model.layers.2.self_attn.v_proj;Sputnik;0.13619199395179749;0.13619199395179749;0.13619199395179749;0.13619199395179749;0.13619199395179749;0.13619199395179749;0.13619199395179749
model.model.layers.2.self_attn.v_proj;Ours;0.0899839997291565;0.09017600119113922;0.09196799993515015;0.09203200042247772;0.09011200070381165;0.09085440635681152;0.09017600119113922
model.model.layers.2.self_attn.o_proj;Sputnik;0.15455999970436096;0.15564799308776855;0.15462400019168854;0.15462400019168854;0.1547199934720993;0.15483519434928894;0.15462400019168854
model.model.layers.2.self_attn.o_proj;Ours;0.10335999727249146;0.10345599800348282;0.10444799810647964;0.10342399775981903;0.10239999741315842;0.10341759771108627;0.10342399775981903
model.model.layers.2.mlp.gate_proj;Sputnik;0.4280320107936859;0.4270080029964447;0.4270080029964447;0.4270080029964447;0.4259839951992035;0.4270080029964447;0.4270080029964447
model.model.layers.2.mlp.gate_proj;Ours;0.30720001459121704;0.30822399258613586;0.30617600679397583;0.3092480003833771;0.30720001459121704;0.3076096177101135;0.30720001459121704
model.model.layers.2.mlp.up_proj;Sputnik;0.4362879991531372;0.4352000057697296;0.4362240135669708;0.4362240135669708;0.43724799156188965;0.43623679876327515;0.4362240135669708
model.model.layers.2.mlp.up_proj;Ours;0.30617600679397583;0.3033280074596405;0.3043519854545593;0.3022080063819885;0.3020800054073334;0.3036287724971771;0.3033280074596405
model.model.layers.2.mlp.down_proj;Sputnik;0.392192006111145;0.39321601390838623;0.392192006111145;0.392192006111145;0.392192006111145;0.39239680767059326;0.392192006111145
model.model.layers.2.mlp.down_proj;Ours;0.2457599937915802;0.24473600089550018;0.2457599937915802;0.2457599937915802;0.24579200148582458;0.2455615997314453;0.2457599937915802
model.model.layers.3.self_attn.q_proj;Sputnik;0.12595200538635254;0.12902399897575378;0.12595200538635254;0.12595200538635254;0.12585599720478058;0.1265471875667572;0.12595200538635254
model.model.layers.3.self_attn.q_proj;Ours;0.1085439994931221;0.11161600053310394;0.1085439994931221;0.10751999914646149;0.11059200018644333;0.10936319828033447;0.1085439994931221
model.model.layers.3.self_attn.k_proj;Sputnik;0.12697599828243256;0.12716799974441528;0.12697599828243256;0.12697599828243256;0.12697599828243256;0.1270143985748291;0.12697599828243256
model.model.layers.3.self_attn.k_proj;Ours;0.10956799983978271;0.10444799810647964;0.10422399640083313;0.10547199845314026;0.10751999914646149;0.10624639689922333;0.10547199845314026
model.model.layers.3.self_attn.v_proj;Sputnik;0.13516800105571747;0.13433599472045898;0.13516800105571747;0.13433599472045898;0.13414399325847626;0.13463039696216583;0.13433599472045898
model.model.layers.3.self_attn.v_proj;Ours;0.1157120019197464;0.11776000261306763;0.11555200070142746;0.11593600362539291;0.11763200163841248;0.11651840060949326;0.11593600362539291
model.model.layers.3.self_attn.o_proj;Sputnik;0.14636799693107605;0.14643199741840363;0.1454080045223236;0.14662399888038635;0.14643199741840363;0.1462527960538864;0.14643199741840363
model.model.layers.3.self_attn.o_proj;Ours;0.1013759970664978;0.10016000270843506;0.10022400319576263;0.10131199657917023;0.10035199671983719;0.10068479925394058;0.10035199671983719
model.model.layers.3.mlp.gate_proj;Sputnik;0.4270080029964447;0.42710399627685547;0.4280320107936859;0.4278720021247864;0.4280320107936859;0.4276096224784851;0.4278720021247864
model.model.layers.3.mlp.gate_proj;Ours;0.3031040132045746;0.3031040132045746;0.3031359910964966;0.3020800054073334;0.3051519989967346;0.3033152222633362;0.3031040132045746
model.model.layers.3.mlp.up_proj;Sputnik;0.42188799381256104;0.4219839870929718;0.42208001017570496;0.42291200160980225;0.42291200160980225;0.42235517501831055;0.42208001017570496
model.model.layers.3.mlp.up_proj;Ours;0.289792001247406;0.289792001247406;0.28787198662757874;0.2898879945278168;0.29100799560546875;0.2896704077720642;0.289792001247406
model.model.layers.3.mlp.down_proj;Sputnik;0.39526399970054626;0.39423999190330505;0.3933759927749634;0.39423999190330505;0.39526399970054626;0.3944768011569977;0.39423999190330505
model.model.layers.3.mlp.down_proj;Ours;0.2550399899482727;0.25702399015426636;0.25600001215934753;0.25603199005126953;0.2559039890766144;0.25599998235702515;0.25600001215934753
model.model.layers.4.self_attn.q_proj;Sputnik;0.12390399724245071;0.12697599828243256;0.12390399724245071;0.12390399724245071;0.12377600371837616;0.12449280172586441;0.12390399724245071
model.model.layers.4.self_attn.q_proj;Ours;0.11798399686813354;0.11468800157308578;0.11343999952077866;0.11468800157308578;0.1157120019197464;0.11530239880084991;0.11468800157308578
model.model.layers.4.self_attn.k_proj;Sputnik;0.12800000607967377;0.1281919926404953;0.12800000607967377;0.12800000607967377;0.12800000607967377;0.1280384063720703;0.12800000607967377
model.model.layers.4.self_attn.k_proj;Ours;0.11264000087976456;0.11161600053310394;0.11180800199508667;0.11488000303506851;0.11283200234174728;0.1127552017569542;0.11264000087976456
model.model.layers.4.self_attn.v_proj;Sputnik;0.1382399946451187;0.1382399946451187;0.13814400136470795;0.13734400272369385;0.1382399946451187;0.13804160058498383;0.1382399946451187
model.model.layers.4.self_attn.v_proj;Ours;0.08403199911117554;0.08310399949550629;0.08313599973917007;0.08396799862384796;0.08310399949550629;0.08346879482269287;0.08313599973917007
model.model.layers.4.self_attn.o_proj;Sputnik;0.15667200088500977;0.15564799308776855;0.15478399395942688;0.15564799308776855;0.15564799308776855;0.15567998588085175;0.15564799308776855
model.model.layers.4.self_attn.o_proj;Ours;0.11161600053310394;0.11155200004577637;0.11356800049543381;0.10976000130176544;0.10956799983978271;0.11121280491352081;0.11155200004577637
model.model.layers.4.mlp.gate_proj;Sputnik;0.42188799381256104;0.42188799381256104;0.4208639860153198;0.42188799381256104;0.4208639860153198;0.42147836089134216;0.42188799381256104
model.model.layers.4.mlp.gate_proj;Ours;0.3452480137348175;0.35020801424980164;0.3481599986553192;0.347135990858078;0.3491840064525604;0.34798723459243774;0.3481599986553192
model.model.layers.4.mlp.up_proj;Sputnik;0.4126720130443573;0.4136959910392761;0.41385599970817566;0.41471999883651733;0.41465601325035095;0.41392001509666443;0.41385599970817566
model.model.layers.4.mlp.up_proj;Ours;0.319487988948822;0.32051199674606323;0.32051199674606323;0.3184640109539032;0.32051199674606323;0.3198975920677185;0.32051199674606323
model.model.layers.4.mlp.down_proj;Sputnik;0.3911679983139038;0.3919680118560791;0.3911679983139038;0.392192006111145;0.392192006111145;0.39173761010169983;0.3919680118560791
model.model.layers.4.mlp.down_proj;Ours;0.24883200228214264;0.24985599517822266;0.24985599517822266;0.24780799448490143;0.24883200228214264;0.2490367889404297;0.24883200228214264
model.model.layers.5.self_attn.q_proj;Sputnik;0.1228799968957901;0.12595200538635254;0.12291199713945389;0.1228799968957901;0.1228799968957901;0.12350080162286758;0.1228799968957901
model.model.layers.5.self_attn.q_proj;Ours;0.11059200018644333;0.11161600053310394;0.111455999314785;0.11264000087976456;0.11468800157308578;0.11219839751720428;0.11161600053310394
model.model.layers.5.self_attn.k_proj;Sputnik;0.12492799758911133;0.12492799758911133;0.12406399846076965;0.12492799758911133;0.12390399724245071;0.12455038726329803;0.12492799758911133
model.model.layers.5.self_attn.k_proj;Ours;0.11059200018644333;0.1117120012640953;0.11264000087976456;0.11062400043010712;0.111455999314785;0.11140479892492294;0.111455999314785
model.model.layers.5.self_attn.v_proj;Sputnik;0.13414399325847626;0.133215993642807;0.13414399325847626;0.13414399325847626;0.13516800105571747;0.13416320085525513;0.13414399325847626
model.model.layers.5.self_attn.v_proj;Ours;0.11177600175142288;0.1117440015077591;0.11161600053310394;0.11264000087976456;0.11264000087976456;0.11208321154117584;0.11177600175142288
model.model.layers.5.self_attn.o_proj;Sputnik;0.14528000354766846;0.1454080045223236;0.1454080045223236;0.1454080045223236;0.2887040078639984;0.17404159903526306;0.1454080045223236
model.model.layers.5.self_attn.o_proj;Ours;0.0942080020904541;0.09216000139713287;0.09318400174379349;0.09216000139713287;0.09318400174379349;0.09297919273376465;0.09318400174379349
model.model.layers.5.mlp.gate_proj;Sputnik;0.42905598878860474;0.42905598878860474;0.42819198966026306;0.42905598878860474;0.42905598878860474;0.42888322472572327;0.42905598878860474
model.model.layers.5.mlp.gate_proj;Ours;0.3246079981327057;0.3256320059299469;0.3246079981327057;0.32572799921035767;0.3266560137271881;0.3254464268684387;0.3256320059299469
model.model.layers.5.mlp.up_proj;Sputnik;0.41574400663375854;0.4158079922199249;0.4177919924259186;0.41676801443099976;0.41676801443099976;0.41657599806785583;0.41676801443099976
model.model.layers.5.mlp.up_proj;Ours;0.3092480003833771;0.3073599934577942;0.30720001459121704;0.3112959861755371;0.30822399258613586;0.30866560339927673;0.30822399258613586
model.model.layers.5.mlp.down_proj;Sputnik;0.3962880074977875;0.39526399970054626;0.39510399103164673;0.39535999298095703;0.39526399970054626;0.3954559862613678;0.39526399970054626
model.model.layers.5.mlp.down_proj;Ours;0.2715199887752533;0.27219200134277344;0.27136000990867615;0.2703999876976013;0.27052798867225647;0.2712000012397766;0.27136000990867615
model.model.layers.6.self_attn.q_proj;Sputnik;0.12390399724245071;0.12800000607967377;0.12390399724245071;0.12371200323104858;0.12396799772977829;0.12469760328531265;0.12390399724245071
model.model.layers.6.self_attn.q_proj;Ours;0.11456000059843063;0.1149120032787323;0.11366400122642517;0.11468800157308578;0.11161600053310394;0.11388800293207169;0.11456000059843063
model.model.layers.6.self_attn.k_proj;Sputnik;0.12390399724245071;0.1228799968957901;0.12297599762678146;0.12291199713945389;0.12307199835777283;0.12314879894256592;0.12297599762678146
model.model.layers.6.self_attn.k_proj;Ours;0.11161600053310394;0.11161600053310394;0.11366400122642517;0.11264000087976456;0.11257600039243698;0.1124223917722702;0.11257600039243698
model.model.layers.6.self_attn.v_proj;Sputnik;0.138047993183136;0.13743999600410461;0.13743999600410461;0.1382399946451187;0.13817599415779114;0.13786879181861877;0.138047993183136
model.model.layers.6.self_attn.v_proj;Ours;0.1085439994931221;0.11068800091743469;0.10976000130176544;0.10956799983978271;0.1085439994931221;0.10942079871892929;0.10956799983978271
model.model.layers.6.self_attn.o_proj;Sputnik;0.15462400019168854;0.15564799308776855;0.15484799444675446;0.1547199934720993;0.15564799308776855;0.1550975888967514;0.15484799444675446
model.model.layers.6.self_attn.o_proj;Ours;0.11366400122642517;0.11264000087976456;0.11366400122642517;0.11363200098276138;0.11468800157308578;0.11365760862827301;0.11366400122642517
model.model.layers.6.mlp.gate_proj;Sputnik;0.4331519901752472;0.43212801218032837;0.4331519901752472;0.4341759979724884;0.4341759979724884;0.4333568215370178;0.4331519901752472
model.model.layers.6.mlp.gate_proj;Ours;0.2756800055503845;0.2764799892902374;0.2754560112953186;0.2764799892902374;0.2744320034980774;0.27570557594299316;0.2756800055503845
model.model.layers.6.mlp.up_proj;Sputnik;0.40755200386047363;0.4086720049381256;0.40959998965263367;0.40959998965263367;0.40857601165771484;0.4087999761104584;0.4086720049381256
model.model.layers.6.mlp.up_proj;Ours;0.30617600679397583;0.30799999833106995;0.30720001459121704;0.30822399258613586;0.30617600679397583;0.30715519189834595;0.30720001459121704
model.model.layers.6.mlp.down_proj;Sputnik;0.38710400462150574;0.38790398836135864;0.38815999031066895;0.3891200125217438;0.38809600472450256;0.3880768120288849;0.38809600472450256
model.model.layers.6.mlp.down_proj;Ours;0.25414401292800903;0.2539519965648651;0.2529279887676239;0.2529279887676239;0.2539519965648651;0.25358080863952637;0.2539519965648651
model.model.layers.7.self_attn.q_proj;Sputnik;0.12083200365304947;0.12595200538635254;0.122079998254776;0.12099199742078781;0.1236800029873848;0.12270720303058624;0.122079998254776
model.model.layers.7.self_attn.q_proj;Ours;0.1117120012640953;0.11366400122642517;0.11264000087976456;0.11366400122642517;0.11366400122642517;0.11306879669427872;0.11366400122642517
model.model.layers.7.self_attn.k_proj;Sputnik;0.1228799968957901;0.1228799968957901;0.12185599654912949;0.1228799968957901;0.12284799665212631;0.1226688027381897;0.1228799968957901
model.model.layers.7.self_attn.k_proj;Ours;0.11059200018644333;0.11366400122642517;0.11072000116109848;0.11264000087976456;0.11276800185441971;0.11207680404186249;0.11264000087976456
model.model.layers.7.self_attn.v_proj;Sputnik;0.13923199474811554;0.31856000423431396;0.13843199610710144;0.13916799426078796;0.13916799426078796;0.1749120056629181;0.13916799426078796
model.model.layers.7.self_attn.v_proj;Ours;0.09011200070381165;0.08806400001049042;0.08793599903583527;0.08806400001049042;0.0870399996638298;0.08824320137500763;0.08806400001049042
model.model.layers.7.self_attn.o_proj;Sputnik;0.1515520066022873;0.1515520066022873;0.15065599977970123;0.15052799880504608;0.15136000514030457;0.1511296033859253;0.15136000514030457
model.model.layers.7.self_attn.o_proj;Ours;0.10649599879980087;0.10547199845314026;0.10751999914646149;0.10649599879980087;0.10745599865913391;0.1066880002617836;0.10649599879980087
model.model.layers.7.mlp.gate_proj;Sputnik;0.4270080029964447;0.4270080029964447;0.4268159866333008;0.4259839951992035;0.4270080029964447;0.4267647862434387;0.4270080029964447
model.model.layers.7.mlp.gate_proj;Ours;0.33686399459838867;0.33689600229263306;0.3359679877758026;0.33689600229263306;0.3370560109615326;0.3367360234260559;0.33689600229263306
model.model.layers.7.mlp.up_proj;Sputnik;0.40755200386047363;0.40857601165771484;0.40857601165771484;0.40755200386047363;0.40755200386047363;0.4079616069793701;0.40755200386047363
model.model.layers.7.mlp.up_proj;Ours;0.34624001383781433;0.3461439907550812;0.34508800506591797;0.3479360044002533;0.34380799531936646;0.34584319591522217;0.3461439907550812
model.model.layers.7.mlp.down_proj;Sputnik;0.3930560052394867;0.39423999190330505;0.39209601283073425;0.39321601390838623;0.39321601390838623;0.39316481351852417;0.39321601390838623
model.model.layers.7.mlp.down_proj;Ours;0.26716798543930054;0.26521599292755127;0.2653439939022064;0.2672640085220337;0.2664639949798584;0.26629120111465454;0.2664639949798584
model.model.layers.8.self_attn.q_proj;Sputnik;0.12476799637079239;0.1268479973077774;0.12399999797344208;0.12492799758911133;0.12403199821710587;0.12491519749164581;0.12476799637079239
model.model.layers.8.self_attn.q_proj;Ours;0.11366400122642517;0.11980800330638885;0.1157120019197464;0.11468800157308578;0.1165120005607605;0.11607678979635239;0.1157120019197464
model.model.layers.8.self_attn.k_proj;Sputnik;0.12572799623012543;0.12595200538635254;0.12508800625801086;0.1250240057706833;0.12495999783277512;0.12535040080547333;0.12508800625801086
model.model.layers.8.self_attn.k_proj;Ours;0.11776000261306763;0.11894399672746658;0.1228799968957901;0.11776000261306763;0.11776000261306763;0.11902079731225967;0.11776000261306763
model.model.layers.8.self_attn.v_proj;Sputnik;0.1372160017490387;0.1382399946451187;0.1372160017490387;0.1382399946451187;0.13743999600410461;0.1376703977584839;0.13743999600410461
model.model.layers.8.self_attn.v_proj;Ours;0.09830400347709656;0.09830400347709656;0.09929600358009338;0.09849599748849869;0.09830400347709656;0.09854079782962799;0.09830400347709656
model.model.layers.8.self_attn.o_proj;Sputnik;0.15062400698661804;0.15052799880504608;0.15056000649929047;0.1507200002670288;0.1515520066022873;0.1507968008518219;0.15062400698661804
model.model.layers.8.self_attn.o_proj;Ours;0.10768000036478043;0.11046399921178818;0.10956799983978271;0.1085439994931221;0.10956799983978271;0.10916479676961899;0.10956799983978271
model.model.layers.8.mlp.gate_proj;Sputnik;0.42393600940704346;0.4249599874019623;0.4249599874019623;0.4231039881706238;0.4248960018157959;0.4243711829185486;0.4248960018157959
model.model.layers.8.mlp.gate_proj;Ours;0.317440003156662;0.317440003156662;0.3164159953594208;0.3176000118255615;0.31756800413131714;0.31729280948638916;0.317440003156662
model.model.layers.8.mlp.up_proj;Sputnik;0.41676801443099976;0.41676801443099976;0.4169600009918213;0.41760000586509705;0.41788798570632935;0.4171968102455139;0.4169600009918213
model.model.layers.8.mlp.up_proj;Ours;0.3070720136165619;0.3031040132045746;0.3051519989967346;0.30617600679397583;0.30508801341056824;0.3053184151649475;0.3051519989967346
model.model.layers.8.mlp.down_proj;Sputnik;0.3962880074977875;0.3962880074977875;0.3962880074977875;0.3962880074977875;0.3964160084724426;0.3963136076927185;0.3962880074977875
model.model.layers.8.mlp.down_proj;Ours;0.2611199915409088;0.26009601354599;0.2815999984741211;0.2590720057487488;0.2590720057487488;0.26419201493263245;0.26009601354599
model.model.layers.9.self_attn.q_proj;Sputnik;0.12595200538635254;0.12800000607967377;0.12595200538635254;0.12492799758911133;0.12515200674533844;0.12599679827690125;0.12595200538635254
model.model.layers.9.self_attn.q_proj;Ours;0.11984000355005264;0.11795199662446976;0.11788800358772278;0.12492799758911133;0.11878400295972824;0.11987839639186859;0.11878400295972824
model.model.layers.9.self_attn.k_proj;Sputnik;0.13312000036239624;0.13516800105571747;0.13411200046539307;0.131071999669075;0.131071999669075;0.13290879130363464;0.13312000036239624
model.model.layers.9.self_attn.k_proj;Ours;0.13327999413013458;0.13424000144004822;0.13414399325847626;0.13436800241470337;0.13414399325847626;0.13403519988059998;0.13414399325847626
model.model.layers.9.self_attn.v_proj;Sputnik;0.13916799426078796;0.13926400244235992;0.13926400244235992;0.13916799426078796;0.13926400244235992;0.13922560214996338;0.13926400244235992
model.model.layers.9.self_attn.v_proj;Ours;0.09628800302743912;0.09625600278377533;0.09523200243711472;0.09609600156545639;0.09340800344944;0.09545601159334183;0.09609600156545639
model.model.layers.9.self_attn.o_proj;Sputnik;0.159743994474411;0.15891200304031372;0.3317759931087494;0.158720001578331;0.158720001578331;0.19357439875602722;0.15891200304031372
model.model.layers.9.self_attn.o_proj;Ours;0.11673600226640701;0.11878400295972824;0.1157120019197464;0.11776000261306763;0.11776000261306763;0.11735039949417114;0.11776000261306763
model.model.layers.9.mlp.gate_proj;Sputnik;0.43007999658584595;0.43007999658584595;0.43007999658584595;0.43110400438308716;0.43007999658584595;0.4302847981452942;0.43007999658584595
model.model.layers.9.mlp.gate_proj;Ours;0.28787198662757874;0.2877439856529236;0.2961600124835968;0.2877439856529236;0.2887679934501648;0.2896575927734375;0.28787198662757874
model.model.layers.9.mlp.up_proj;Sputnik;0.4065279960632324;0.40755200386047363;0.4055359959602356;0.40560001134872437;0.40755200386047363;0.40655359625816345;0.4065279960632324
model.model.layers.9.mlp.up_proj;Ours;0.37376001477241516;0.37273600697517395;0.37171199917793274;0.37273600697517395;0.37171199917793274;0.3725312054157257;0.37273600697517395
model.model.layers.9.mlp.down_proj;Sputnik;0.419840008020401;0.41999998688697815;0.419840008020401;0.4208639860153198;0.419840008020401;0.42007678747177124;0.419840008020401
model.model.layers.9.mlp.down_proj;Ours;0.2888000011444092;0.2887040078639984;0.2887679934501648;0.2908160090446472;0.28863999247550964;0.2891456186771393;0.2887679934501648
model.model.layers.10.self_attn.q_proj;Sputnik;0.12800000607967377;0.13007999956607819;0.12800000607967377;0.12902399897575378;0.12880000472068787;0.128780797123909;0.12880000472068787
model.model.layers.10.self_attn.q_proj;Ours;0.12697599828243256;0.12800000607967377;0.12700800597667694;0.12812800705432892;0.12902399897575378;0.12782719731330872;0.12800000607967377
model.model.layers.10.self_attn.k_proj;Sputnik;0.12720000743865967;0.1271360069513321;0.12697599828243256;0.12800000607967377;0.12697599828243256;0.12725761532783508;0.1271360069513321
model.model.layers.10.self_attn.k_proj;Ours;0.13209599256515503;0.131071999669075;0.131071999669075;0.13209599256515503;0.13104000687599182;0.13147519528865814;0.131071999669075
model.model.layers.10.self_attn.v_proj;Sputnik;0.1382399946451187;0.13840000331401825;0.13846400380134583;0.1382399946451187;0.1382399946451187;0.1383167952299118;0.1382399946451187
model.model.layers.10.self_attn.v_proj;Ours;0.09216000139713287;0.09113600105047226;0.09225600212812424;0.09116800129413605;0.09318400174379349;0.09198080003261566;0.09216000139713287
model.model.layers.10.self_attn.o_proj;Sputnik;0.15667200088500977;0.15680000185966492;0.15667200088500977;0.1568640023469925;0.17100800573825836;0.15960320830345154;0.15680000185966492
model.model.layers.10.self_attn.o_proj;Ours;0.11366400122642517;0.11366400122642517;0.11593600362539291;0.11343999952077866;0.11468800157308578;0.1142783984541893;0.11366400122642517
model.model.layers.10.mlp.gate_proj;Sputnik;0.42611199617385864;0.4261760115623474;0.4259839951992035;0.42585599422454834;0.4259839951992035;0.42602238059043884;0.4259839951992035
model.model.layers.10.mlp.gate_proj;Ours;0.2887679934501648;0.2887040078639984;0.289792001247406;0.2887679934501648;0.3009600043296814;0.29139843583106995;0.2887679934501648
model.model.layers.10.mlp.up_proj;Sputnik;0.41676801443099976;0.4158079922199249;0.4159359931945801;0.4177919924259186;0.41574400663375854;0.41640958189964294;0.4159359931945801
model.model.layers.10.mlp.up_proj;Ours;0.31228798627853394;0.3123199939727783;0.31148800253868103;0.31334400177001953;0.3123199939727783;0.3123520016670227;0.3123199939727783
model.model.layers.10.mlp.down_proj;Sputnik;0.41676801443099976;0.4177919924259186;0.41676801443099976;0.41676801443099976;0.4166719913482666;0.4169536232948303;0.41676801443099976
model.model.layers.10.mlp.down_proj;Ours;0.2950719892978668;0.30720001459121704;0.29388800263404846;0.2937920093536377;0.29388800263404846;0.2967680096626282;0.29388800263404846
model.model.layers.11.self_attn.q_proj;Sputnik;0.12902399897575378;0.13209599256515503;0.12918399274349213;0.130048006772995;0.130048006772995;0.13008001446723938;0.130048006772995
model.model.layers.11.self_attn.q_proj;Ours;0.11980800330638885;0.11776000261306763;0.11878400295972824;0.11878400295972824;0.11980800330638885;0.11898879706859589;0.11878400295972824
model.model.layers.11.self_attn.k_proj;Sputnik;0.12707200646400452;0.12800000607967377;0.12697599828243256;0.12697599828243256;0.12697599828243256;0.12720000743865967;0.12697599828243256
model.model.layers.11.self_attn.k_proj;Ours;0.1228799968957901;0.12697599828243256;0.12678399682044983;0.12492799758911133;0.12694400548934937;0.1257024109363556;0.12678399682044983
model.model.layers.11.self_attn.v_proj;Sputnik;0.1382399946451187;0.13820800185203552;0.1382399946451187;0.13836799561977386;0.1382399946451187;0.13825920224189758;0.1382399946451187
model.model.layers.11.self_attn.v_proj;Ours;0.09728000313043594;0.0963200032711029;0.09436800330877304;0.09523200243711472;0.09436800330877304;0.09551360458135605;0.09523200243711472
model.model.layers.11.self_attn.o_proj;Sputnik;0.1576640009880066;0.16179199516773224;0.15747199952602386;0.15769599378108978;0.15769599378108978;0.1584639996290207;0.15769599378108978
model.model.layers.11.self_attn.o_proj;Ours;0.10969600081443787;0.1085439994931221;0.10956799983978271;0.11161600053310394;0.11059200018644333;0.11000319570302963;0.10969600081443787
model.model.layers.11.mlp.gate_proj;Sputnik;0.42899200320243835;0.43007999658584595;0.43007999658584595;0.42905598878860474;0.4290879964828491;0.42945918440818787;0.4290879964828491
model.model.layers.11.mlp.gate_proj;Ours;0.3084160089492798;0.3104960024356842;0.3112959861755371;0.3112959861755371;0.31334400177001953;0.31096959114074707;0.3112959861755371
model.model.layers.11.mlp.up_proj;Sputnik;0.4126720130443573;0.41676801443099976;0.41471999883651733;0.41471999883651733;0.41471999883651733;0.41471999883651733;0.41471999883651733
model.model.layers.11.mlp.up_proj;Ours;0.31334400177001953;0.3123199939727783;0.32256001234054565;0.3112959861755371;0.3123199939727783;0.31436800956726074;0.3123199939727783
model.model.layers.11.mlp.down_proj;Sputnik;0.4126720130443573;0.41471999883651733;0.4156799912452698;0.41462400555610657;0.4155519902706146;0.4146495759487152;0.41471999883651733
model.model.layers.11.mlp.down_proj;Ours;0.27353599667549133;0.27430400252342224;0.2754560112953186;0.2764799892902374;0.2744320034980774;0.2748416066169739;0.2744320034980774
model.model.layers.12.self_attn.q_proj;Sputnik;0.130048006772995;0.13212800025939941;0.130048006772995;0.130048006772995;0.130048006772995;0.13046400249004364;0.130048006772995
model.model.layers.12.self_attn.q_proj;Ours;0.12601600587368011;0.12783999741077423;0.12403199821710587;0.12492799758911133;0.12390399724245071;0.12534400820732117;0.12492799758911133
model.model.layers.12.self_attn.k_proj;Sputnik;0.13817599415779114;0.1372160017490387;0.1382399946451187;0.1382399946451187;0.1372160017490387;0.1378175914287567;0.13817599415779114
model.model.layers.12.self_attn.k_proj;Ours;0.13529600203037262;0.13631999492645264;0.13619199395179749;0.1372160017490387;0.13619199395179749;0.13624319434165955;0.13619199395179749
model.model.layers.12.self_attn.v_proj;Sputnik;0.14028799533843994;0.14028799533843994;0.13926400244235992;0.13926400244235992;0.13926400244235992;0.13967359066009521;0.13926400244235992
model.model.layers.12.self_attn.v_proj;Ours;0.09011200070381165;0.08908800035715103;0.09110400080680847;0.09033600240945816;0.09011200070381165;0.09015040099620819;0.09011200070381165
model.model.layers.12.self_attn.o_proj;Sputnik;0.15667200088500977;0.15667200088500977;0.15667200088500977;0.15667200088500977;0.15564799308776855;0.15646719932556152;0.15667200088500977
model.model.layers.12.self_attn.o_proj;Ours;0.1157120019197464;0.11673600226640701;0.11574400216341019;0.1157120019197464;0.11654400080442429;0.1160895973443985;0.11574400216341019
model.model.layers.12.mlp.gate_proj;Sputnik;0.4362240135669708;0.43724799156188965;0.43724799156188965;0.43724799156188965;0.43724799156188965;0.4370431900024414;0.43724799156188965
model.model.layers.12.mlp.gate_proj;Ours;0.30617600679397583;0.30432000756263733;0.3041279911994934;0.30617600679397583;0.30527999997138977;0.305215984582901;0.30527999997138977
model.model.layers.12.mlp.up_proj;Sputnik;0.41574400663375854;0.41574400663375854;0.41574400663375854;0.41574400663375854;0.4177919924259186;0.41615360975265503;0.41574400663375854
model.model.layers.12.mlp.up_proj;Ours;0.317440003156662;0.317440003156662;0.31830400228500366;0.319487988948822;0.31839999556541443;0.31821441650390625;0.31830400228500366
model.model.layers.12.mlp.down_proj;Sputnik;0.4185599982738495;0.4189760088920593;0.41974401473999023;0.4176959991455078;0.4177919924259186;0.41855359077453613;0.4185599982738495
model.model.layers.12.mlp.down_proj;Ours;0.27750399708747864;0.27849599719047546;0.2783679962158203;0.2764799892902374;0.2754560112953186;0.27726081013679504;0.27750399708747864
model.model.layers.13.self_attn.q_proj;Sputnik;0.12800000607967377;0.13023999333381653;0.12787200510501862;0.12787200510501862;0.12697599828243256;0.1281919926404953;0.12787200510501862
model.model.layers.13.self_attn.q_proj;Ours;0.11366400122642517;0.11446399986743927;0.11776000261306763;0.11459200084209442;0.11468800157308578;0.1150336042046547;0.11459200084209442
model.model.layers.13.self_attn.k_proj;Sputnik;0.1250240057706833;0.12595200538635254;0.12492799758911133;0.12492799758911133;0.12585599720478058;0.1253376007080078;0.1250240057706833
model.model.layers.13.self_attn.k_proj;Ours;0.1228799968957901;0.12800000607967377;0.12595200538635254;0.12185599654912949;0.12390399724245071;0.12451839447021484;0.12390399724245071
model.model.layers.13.self_attn.v_proj;Sputnik;0.1404159963130951;0.14051200449466705;0.14115199446678162;0.14131200313568115;0.14028799533843994;0.14073601365089417;0.14051200449466705
model.model.layers.13.self_attn.v_proj;Ours;0.09612800180912018;0.09827200323343277;0.09625600278377533;0.09830400347709656;0.09728000313043594;0.09724800288677216;0.09728000313043594
model.model.layers.13.self_attn.o_proj;Sputnik;0.15775999426841736;0.158720001578331;0.15769599378108978;0.15769599378108978;0.15769599378108978;0.15791359543800354;0.15769599378108978
model.model.layers.13.self_attn.o_proj;Ours;0.11161600053310394;0.1117440015077591;0.11343999952077866;0.1125119999051094;0.11363200098276138;0.1125888079404831;0.1125119999051094
model.model.layers.13.mlp.gate_proj;Sputnik;0.4208639860153198;0.42003199458122253;0.42188799381256104;0.4208639860153198;0.419840008020401;0.4206975996494293;0.4208639860153198
model.model.layers.13.mlp.gate_proj;Ours;0.2764799892902374;0.27750399708747864;0.27852800488471985;0.27852800488471985;0.2744320034980774;0.27709439396858215;0.27750399708747864
model.model.layers.13.mlp.up_proj;Sputnik;0.40959998965263367;0.40857601165771484;0.4094719886779785;0.40959998965263367;0.40857601165771484;0.40916481614112854;0.4094719886779785
model.model.layers.13.mlp.up_proj;Ours;0.2970240116119385;0.2979840040206909;0.2949120104312897;0.2959359884262085;0.2969599962234497;0.29656320810317993;0.2969599962234497
model.model.layers.13.mlp.down_proj;Sputnik;0.4034560024738312;0.4577920138835907;0.40163201093673706;0.42585599422454834;0.4025920033454895;0.4182656407356262;0.4034560024738312
model.model.layers.13.mlp.down_proj;Ours;0.2467840015888214;0.24268800020217896;0.24268800020217896;0.24275200068950653;0.24454399943351746;0.24389119446277618;0.24275200068950653
model.model.layers.14.self_attn.q_proj;Sputnik;0.131071999669075;0.13327999413013458;0.13020800054073334;0.131071999669075;0.131071999669075;0.13134080171585083;0.131071999669075
model.model.layers.14.self_attn.q_proj;Ours;0.11980800330638885;0.11980800330638885;0.11878400295972824;0.11980800330638885;0.12099199742078781;0.11984000355005264;0.11980800330638885
model.model.layers.14.self_attn.k_proj;Sputnik;0.12595200538635254;0.12595200538635254;0.12492799758911133;0.12595200538635254;0.12588800489902496;0.12573440372943878;0.12595200538635254
model.model.layers.14.self_attn.k_proj;Ours;0.12083200365304947;0.1207680031657219;0.11980800330638885;0.11776000261306763;0.12185599654912949;0.12020480632781982;0.1207680031657219
model.model.layers.14.self_attn.v_proj;Sputnik;0.14131200313568115;0.14131200313568115;0.14131200313568115;0.14028799533843994;0.14028799533843994;0.14090240001678467;0.14131200313568115
model.model.layers.14.self_attn.v_proj;Ours;0.0870399996638298;0.08614400029182434;0.08793599903583527;0.08700799942016602;0.0870399996638298;0.08703359216451645;0.0870399996638298
model.model.layers.14.self_attn.o_proj;Sputnik;0.16076800227165222;0.16076800227165222;0.1608320027589798;0.16076800227165222;0.16076800227165222;0.16078081727027893;0.16076800227165222
model.model.layers.14.self_attn.o_proj;Ours;0.11980800330638885;0.12083200365304947;0.11894399672746658;0.11977600306272507;0.12083200365304947;0.12003840506076813;0.11980800330638885
model.model.layers.14.mlp.gate_proj;Sputnik;0.43724799156188965;0.436383992433548;0.4362240135669708;0.4362240135669708;0.4362240135669708;0.43646079301834106;0.4362240135669708
model.model.layers.14.mlp.gate_proj;Ours;0.3102720081806183;0.3092480003833771;0.3091840147972107;0.3080640137195587;0.3092159926891327;0.309196799993515;0.3092159926891327
model.model.layers.14.mlp.up_proj;Sputnik;0.41574400663375854;0.41494399309158325;0.41574400663375854;0.41471999883651733;0.4147840142250061;0.41518720984458923;0.41494399309158325
model.model.layers.14.mlp.up_proj;Ours;0.30822399258613586;0.3101760149002075;0.30720001459121704;0.3081279993057251;0.30720001459121704;0.3081856071949005;0.3081279993057251
model.model.layers.14.mlp.down_proj;Sputnik;0.3891200125217438;0.3891200125217438;0.392192006111145;0.3882560133934021;0.3901439905166626;0.3897663950920105;0.3891200125217438
model.model.layers.14.mlp.down_proj;Ours;0.2252800017595291;0.22227199375629425;0.2252800017595291;0.22310400009155273;0.2242559939622879;0.22403840720653534;0.2242559939622879
model.model.layers.15.self_attn.q_proj;Sputnik;0.13523200154304504;0.13619199395179749;0.13516800105571747;0.13433599472045898;0.13619199395179749;0.13542398810386658;0.13523200154304504
model.model.layers.15.self_attn.q_proj;Ours;0.12595200538635254;0.12675200402736664;0.12390399724245071;0.12390399724245071;0.12595200538635254;0.1252928078174591;0.12595200538635254
model.model.layers.15.self_attn.k_proj;Sputnik;0.12511999905109406;0.12515200674533844;0.12492799758911133;0.12595200538635254;0.12492799758911133;0.12521599233150482;0.12511999905109406
model.model.layers.15.self_attn.k_proj;Ours;0.12403199821710587;0.1228799968957901;0.12390399724245071;0.12185599654912949;0.12390399724245071;0.12331519275903702;0.12390399724245071
model.model.layers.15.self_attn.v_proj;Sputnik;0.13926400244235992;0.14006400108337402;0.1401599943637848;0.14022399485111237;0.13926400244235992;0.1397951990365982;0.14006400108337402
model.model.layers.15.self_attn.v_proj;Ours;0.09932799637317657;0.1013759970664978;0.09932799637317657;0.09920000284910202;0.09932799637317657;0.09971199929714203;0.09932799637317657
model.model.layers.15.self_attn.o_proj;Sputnik;0.16383999586105347;0.16390399634838104;0.16383999586105347;0.16383999586105347;0.16383999586105347;0.16385279595851898;0.16383999586105347
model.model.layers.15.self_attn.o_proj;Ours;0.1157120019197464;0.1157120019197464;0.11772800236940384;0.11577600240707397;0.11664000153541565;0.11631359905004501;0.11577600240707397
model.model.layers.15.mlp.gate_proj;Sputnik;0.4270080029964447;0.4280320107936859;0.4280320107936859;0.42691200971603394;0.4270080029964447;0.4273983836174011;0.4270080029964447
model.model.layers.15.mlp.gate_proj;Ours;0.28387200832366943;0.2877439856529236;0.28672000765800476;0.28777599334716797;0.28672000765800476;0.2865664064884186;0.28672000765800476
model.model.layers.15.mlp.up_proj;Sputnik;0.41676801443099976;0.4179840087890625;0.4177919924259186;0.41676801443099976;0.41596800088882446;0.41705599427223206;0.41676801443099976
model.model.layers.15.mlp.up_proj;Ours;0.2916800081729889;0.29078400135040283;0.289792001247406;0.3020800054073334;0.29183998703956604;0.2932352125644684;0.2916800081729889
model.model.layers.15.mlp.down_proj;Sputnik;0.40140798687934875;0.40140798687934875;0.40140798687934875;0.40140798687934875;0.4023999869823456;0.40160638093948364;0.40140798687934875
model.model.layers.15.mlp.down_proj;Ours;0.2457599937915802;0.2467840015888214;0.2467840015888214;0.24780799448490143;0.2467840015888214;0.2467840015888214;0.2467840015888214
model.model.layers.16.self_attn.q_proj;Sputnik;0.131071999669075;0.1321599930524826;0.130048006772995;0.13209599256515503;0.13097600638866425;0.1312703937292099;0.131071999669075
model.model.layers.16.self_attn.q_proj;Ours;0.11488000303506851;0.1157120019197464;0.11366400122642517;0.11366400122642517;0.11164800077676773;0.11391361057758331;0.11366400122642517
model.model.layers.16.self_attn.k_proj;Sputnik;0.12492799758911133;0.12492799758911133;0.12495999783277512;0.2539840042591095;0.12511999905109406;0.1507839858531952;0.12495999783277512
model.model.layers.16.self_attn.k_proj;Ours;0.11776000261306763;0.11894399672746658;0.1228799968957901;0.1196800023317337;0.11776000261306763;0.11940479278564453;0.11894399672746658
model.model.layers.16.self_attn.v_proj;Sputnik;0.14028799533843994;0.14028799533843994;0.14025600254535675;0.14028799533843994;0.13929599523544312;0.1400831937789917;0.14028799533843994
model.model.layers.16.self_attn.v_proj;Ours;0.09523200243711472;0.09836799651384354;0.09932799637317657;0.09932799637317657;0.09728000313043594;0.09790720045566559;0.09836799651384354
model.model.layers.16.self_attn.o_proj;Sputnik;0.16076800227165222;0.16076800227165222;0.1599999964237213;0.17510400712490082;0.16172799468040466;0.16367360949516296;0.16076800227165222
model.model.layers.16.self_attn.o_proj;Ours;0.11964800208806992;0.11980800330638885;0.12080000340938568;0.11980800330638885;0.12163200229406357;0.12033919990062714;0.11980800330638885
model.model.layers.16.mlp.gate_proj;Sputnik;0.4352000057697296;0.4352000057697296;0.4342080056667328;0.4359680116176605;0.4362240135669708;0.43536001443862915;0.4352000057697296
model.model.layers.16.mlp.gate_proj;Ours;0.27215999364852905;0.2744640111923218;0.27535998821258545;0.2754560112953186;0.27238398790359497;0.2739647924900055;0.2744640111923218
model.model.layers.16.mlp.up_proj;Sputnik;0.4106239974498749;0.41280001401901245;0.41142401099205017;0.4126720130443573;0.4116480052471161;0.41183361411094666;0.4116480052471161
model.model.layers.16.mlp.up_proj;Ours;0.2754560112953186;0.27750399708747864;0.27852800488471985;0.2805759906768799;0.27852800488471985;0.27811840176582336;0.27852800488471985
model.model.layers.16.mlp.down_proj;Sputnik;0.3899199962615967;0.3891200125217438;0.3901439905166626;0.3891200125217438;0.3892799913883209;0.38951677083969116;0.3892799913883209
model.model.layers.16.mlp.down_proj;Ours;0.24166400730609894;0.2396160066127777;0.2396160066127777;0.24063999950885773;0.24063999950885773;0.24043521285057068;0.24063999950885773
model.model.layers.17.self_attn.q_proj;Sputnik;0.13014400005340576;0.13209599256515503;0.131071999669075;0.131071999669075;0.131071999669075;0.1310911923646927;0.131071999669075
model.model.layers.17.self_attn.q_proj;Ours;0.11382400244474411;0.11270400136709213;0.11468800157308578;0.11366400122642517;0.11366400122642517;0.11370880901813507;0.11366400122642517
model.model.layers.17.self_attn.k_proj;Sputnik;0.13619199395179749;0.1372160017490387;0.13817599415779114;0.13926400244235992;0.1372160017490387;0.13761278986930847;0.1372160017490387
model.model.layers.17.self_attn.k_proj;Ours;0.11878400295972824;0.11980800330638885;0.12070400267839432;0.11878400295972824;0.12083200365304947;0.11978240311145782;0.11980800330638885
model.model.layers.17.self_attn.v_proj;Sputnik;0.14233599603176117;0.15462400019168854;0.14230400323867798;0.14233599603176117;0.14150400459766388;0.14462080597877502;0.14233599603176117
model.model.layers.17.self_attn.v_proj;Ours;0.09830400347709656;0.09932799637317657;0.09638399630784988;0.09932799637317657;0.09616000205278397;0.09790079295635223;0.09830400347709656
model.model.layers.17.self_attn.o_proj;Sputnik;0.16489599645137787;0.16486400365829468;0.16499200463294983;0.1658879965543747;0.16502399742603302;0.1651327908039093;0.16499200463294983
model.model.layers.17.self_attn.o_proj;Ours;0.12185599654912949;0.12185599654912949;0.1218239963054657;0.12083200365304947;0.12179200351238251;0.12163200229406357;0.1218239963054657
model.model.layers.17.mlp.gate_proj;Sputnik;0.42188799381256104;0.419840008020401;0.4220159947872162;0.42188799381256104;0.4208959937095642;0.4213055968284607;0.42188799381256104
model.model.layers.17.mlp.gate_proj;Ours;0.2773439884185791;0.27830401062965393;0.27955201268196106;0.27852800488471985;0.2764799892902374;0.2780415713787079;0.27830401062965393
model.model.layers.17.mlp.up_proj;Sputnik;0.408735990524292;0.40755200386047363;0.4065279960632324;0.4065279960632324;0.4065279960632324;0.40717440843582153;0.4065279960632324
model.model.layers.17.mlp.up_proj;Ours;0.26521599292755127;0.26521599292755127;0.26316800713539124;0.26419198513031006;0.26604801416397095;0.26476800441741943;0.26521599292755127
model.model.layers.17.mlp.down_proj;Sputnik;0.3901439905166626;0.39027199149131775;0.3891200125217438;0.39107200503349304;0.38995200395584106;0.3901119828224182;0.3901439905166626
model.model.layers.17.mlp.down_proj;Ours;0.2457599937915802;0.24665600061416626;0.2457599937915802;0.2457599937915802;0.2457599937915802;0.24593918025493622;0.2457599937915802
model.model.layers.18.self_attn.q_proj;Sputnik;0.131071999669075;0.131071999669075;0.130048006772995;0.131071999669075;0.1319040060043335;0.13103359937667847;0.131071999669075
model.model.layers.18.self_attn.q_proj;Ours;0.1157120019197464;0.11673600226640701;0.1157120019197464;0.11462400108575821;0.1157120019197464;0.11569920927286148;0.1157120019197464
model.model.layers.18.self_attn.k_proj;Sputnik;0.12595200538635254;0.12595200538635254;0.12572799623012543;0.12800000607967377;0.1258240044116974;0.1262912005186081;0.12595200538635254
model.model.layers.18.self_attn.k_proj;Ours;0.11574400216341019;0.11961600184440613;0.11875200271606445;0.11366400122642517;0.11468800157308578;0.11649279296398163;0.11574400216341019
model.model.layers.18.self_attn.v_proj;Sputnik;0.14534400403499603;0.1443839967250824;0.1443839967250824;0.1454080045223236;0.14457599818706512;0.1448192149400711;0.14457599818706512
model.model.layers.18.self_attn.v_proj;Ours;0.10444799810647964;0.10556799918413162;0.1066880002617836;0.10751999914646149;0.10444799810647964;0.10573439300060272;0.10556799918413162
model.model.layers.18.self_attn.o_proj;Sputnik;0.158720001578331;0.158720001578331;0.1589760035276413;0.1595200002193451;0.15964800119400024;0.15911681950092316;0.1589760035276413
model.model.layers.18.self_attn.o_proj;Ours;0.11673600226640701;0.11776000261306763;0.11878400295972824;0.11788800358772278;0.11776000261306763;0.11778559535741806;0.11776000261306763
model.model.layers.18.mlp.gate_proj;Sputnik;0.4331839978694916;0.4333440065383911;0.43331199884414673;0.43212801218032837;0.4331519901752472;0.43302398920059204;0.4331839978694916
model.model.layers.18.mlp.gate_proj;Ours;0.27955201268196106;0.2805759906768799;0.277536004781723;0.27955201268196106;0.27955201268196106;0.2793535888195038;0.27955201268196106
model.model.layers.18.mlp.up_proj;Sputnik;0.40959998965263367;0.4105280041694641;0.40959998965263367;0.4076800048351288;0.40857601165771484;0.40919679403305054;0.40959998965263367
model.model.layers.18.mlp.up_proj;Ours;0.2500480115413666;0.2539519965648651;0.2519040107727051;0.2519040107727051;0.2529279887676239;0.25214719772338867;0.2519040107727051
model.model.layers.18.mlp.down_proj;Sputnik;0.3901439905166626;0.392192006111145;0.3901439905166626;0.3903680145740509;0.3911679983139038;0.39080318808555603;0.3903680145740509
model.model.layers.18.mlp.down_proj;Ours;0.24473600089550018;0.24383999407291412;0.2457599937915802;0.24352000653743744;0.2457599937915802;0.24472320079803467;0.24473600089550018
model.model.layers.19.self_attn.q_proj;Sputnik;0.130048006772995;0.13209599256515503;0.130048006772995;0.130048006772995;0.130048006772995;0.13045760989189148;0.130048006772995
model.model.layers.19.self_attn.q_proj;Ours;0.1149120032787323;0.11459200084209442;0.11366400122642517;0.1157120019197464;0.11366400122642517;0.11450880765914917;0.11459200084209442
model.model.layers.19.self_attn.k_proj;Sputnik;0.12800000607967377;0.12697599828243256;0.12700800597667694;0.12697599828243256;0.12697599828243256;0.12718720734119415;0.12697599828243256
model.model.layers.19.self_attn.k_proj;Ours;0.11462400108575821;0.11683200299739838;0.11673600226640701;0.1157120019197464;0.1157120019197464;0.1159232035279274;0.1157120019197464
model.model.layers.19.self_attn.v_proj;Sputnik;0.14233599603176117;0.14233599603176117;0.14336000382900238;0.14236800372600555;0.14134399592876434;0.14234879612922668;0.14233599603176117
model.model.layers.19.self_attn.v_proj;Ours;0.10547199845314026;0.1085439994931221;0.10630399733781815;0.10543999820947647;0.10556799918413162;0.106265589594841;0.10556799918413162
model.model.layers.19.self_attn.o_proj;Sputnik;0.16383999586105347;0.16486400365829468;0.16486400365829468;0.16486400365829468;0.16486400365829468;0.16465920209884644;0.16486400365829468
model.model.layers.19.self_attn.o_proj;Ours;0.1228799968957901;0.12185599654912949;0.12297599762678146;0.12492799758911133;0.12185599654912949;0.12289919704198837;0.1228799968957901
model.model.layers.19.mlp.gate_proj;Sputnik;0.4126720130443573;0.4116480052471161;0.4116480052471161;0.4106239974498749;0.4116480052471161;0.4116479754447937;0.4116480052471161
model.model.layers.19.mlp.gate_proj;Ours;0.2561280131340027;0.25600001215934753;0.34195199608802795;0.2539519965648651;0.25702399015426636;0.2730112075805664;0.2561280131340027
model.model.layers.19.mlp.up_proj;Sputnik;0.3962880074977875;0.3973119854927063;0.39740800857543945;0.39817601442337036;0.3973119854927063;0.397299200296402;0.3973119854927063
model.model.layers.19.mlp.up_proj;Ours;0.24985599517822266;0.24780799448490143;0.419840008020401;0.24883200228214264;0.2467840015888214;0.2826240062713623;0.24883200228214264
model.model.layers.19.mlp.down_proj;Sputnik;0.5611519813537598;0.37376001477241516;0.37353599071502686;0.37273600697517395;0.37273600697517395;0.4107840061187744;0.37353599071502686
model.model.layers.19.mlp.down_proj;Ours;0.24374400079250336;0.24371199309825897;0.24371199309825897;0.24268800020217896;0.24473600089550018;0.24371838569641113;0.24371199309825897
model.model.layers.20.self_attn.q_proj;Sputnik;0.13209599256515503;0.13523200154304504;0.13414399325847626;0.13312000036239624;0.131071999669075;0.13313278555870056;0.13312000036239624
model.model.layers.20.self_attn.q_proj;Ours;0.11791999638080597;0.11878400295972824;0.11977600306272507;0.11894399672746658;0.11878400295972824;0.11884160339832306;0.11878400295972824
model.model.layers.20.self_attn.k_proj;Sputnik;0.12601600587368011;0.12671999633312225;0.12691199779510498;0.12515200674533844;0.12595200538635254;0.12615039944648743;0.12601600587368011
model.model.layers.20.self_attn.k_proj;Ours;0.12390399724245071;0.1228799968957901;0.1228799968957901;0.11878400295972824;0.12185599654912949;0.12206079810857773;0.1228799968957901
model.model.layers.20.self_attn.v_proj;Sputnik;0.13929599523544312;0.14028799533843994;0.13926400244235992;0.13926400244235992;0.13926400244235992;0.13947519659996033;0.13926400244235992
model.model.layers.20.self_attn.v_proj;Ours;0.11875200271606445;0.11673600226640701;0.11673600226640701;0.11673600226640701;0.11776000261306763;0.11734399944543839;0.11673600226640701
model.model.layers.20.self_attn.o_proj;Sputnik;0.16281600296497345;0.1637440025806427;0.16281600296497345;0.16281600296497345;0.16380800306797028;0.1631999909877777;0.16281600296497345
model.model.layers.20.self_attn.o_proj;Ours;0.11776000261306763;0.11689600348472595;0.11776000261306763;0.11788800358772278;0.11776000261306763;0.1176128014922142;0.11776000261306763
model.model.layers.20.mlp.gate_proj;Sputnik;0.40959998965263367;0.40959998965263367;0.40857601165771484;0.40959998965263367;0.40959998965263367;0.40939515829086304;0.40959998965263367
model.model.layers.20.mlp.gate_proj;Ours;0.2590720057487488;0.2551040053367615;0.25702399015426636;0.2560960054397583;0.25600001215934753;0.25665920972824097;0.2560960054397583
model.model.layers.20.mlp.up_proj;Sputnik;0.40041598677635193;0.40038400888442993;0.40140798687934875;0.3993600010871887;0.3993600010871887;0.40018558502197266;0.40038400888442993
model.model.layers.20.mlp.up_proj;Ours;0.2549760043621063;0.2549760043621063;0.25302401185035706;0.25494399666786194;0.2539519965648651;0.2543743848800659;0.25494399666786194
model.model.layers.20.mlp.down_proj;Sputnik;0.38387200236320496;0.3840000033378601;0.38579198718070984;0.38207998871803284;0.3829759955406189;0.3837439715862274;0.38387200236320496
model.model.layers.20.mlp.down_proj;Ours;0.24985599517822266;0.24883200228214264;0.2497279942035675;0.25088000297546387;0.25088000297546387;0.25003519654273987;0.24985599517822266
model.model.layers.21.self_attn.q_proj;Sputnik;0.13209599256515503;0.13600000739097595;0.13414399325847626;0.13414399325847626;0.1332480013370514;0.1339264065027237;0.13414399325847626
model.model.layers.21.self_attn.q_proj;Ours;0.11881600320339203;0.11769600212574005;0.11776000261306763;0.11788800358772278;0.11878400295972824;0.11818881332874298;0.11788800358772278
model.model.layers.21.self_attn.k_proj;Sputnik;0.12697599828243256;0.12800000607967377;0.12796799838542938;0.12800000607967377;0.12796799838542938;0.12778240442276;0.12796799838542938
model.model.layers.21.self_attn.k_proj;Ours;0.12083200365304947;0.11574400216341019;0.11776000261306763;0.11776000261306763;0.11980800330638885;0.11838080734014511;0.11776000261306763
model.model.layers.21.self_attn.v_proj;Sputnik;0.14233599603176117;0.14153599739074707;0.14233599603176117;0.14233599603176117;0.14233599603176117;0.14217600226402283;0.14233599603176117
model.model.layers.21.self_attn.v_proj;Ours;0.1085439994931221;0.1085439994931221;0.1085439994931221;0.1093439981341362;0.10755199939012527;0.10850559175014496;0.1085439994931221
model.model.layers.21.self_attn.o_proj;Sputnik;0.15667200088500977;0.15769599378108978;0.15769599378108978;0.15769599378108978;0.15667200088500977;0.1572864055633545;0.15769599378108978
model.model.layers.21.self_attn.o_proj;Ours;0.1117120012640953;0.11161600053310394;0.11264000087976456;0.11264000087976456;0.11366400122642517;0.11245439946651459;0.11264000087976456
model.model.layers.21.mlp.gate_proj;Sputnik;0.4158079922199249;0.4159359931945801;0.41676801443099976;0.41654399037361145;0.41676801443099976;0.4163648188114166;0.41654399037361145
model.model.layers.21.mlp.gate_proj;Ours;0.31436800956726074;0.27027198672294617;0.2744320034980774;0.2744320034980774;0.27033600211143494;0.2807680070400238;0.2744320034980774
model.model.layers.21.mlp.up_proj;Sputnik;0.3840000033378601;0.3850240111351013;0.392192006111145;0.38307198882102966;0.3840000033378601;0.3856576085090637;0.3840000033378601
model.model.layers.21.mlp.up_proj;Ours;0.24991999566555023;0.2510400116443634;0.2519040107727051;0.2550719976425171;0.2508479952812195;0.25175681710243225;0.2510400116443634
model.model.layers.21.mlp.down_proj;Sputnik;0.38707199692726135;0.38707199692726135;0.38710400462150574;0.38707199692726135;0.38604798913002014;0.38687360286712646;0.38707199692726135
model.model.layers.21.mlp.down_proj;Ours;0.26025599241256714;0.2582080066204071;0.2611199915409088;0.2590720057487488;0.25916799902915955;0.2595647871494293;0.25916799902915955
model.model.layers.22.self_attn.q_proj;Sputnik;0.12595200538635254;0.12806400656700134;0.12611199915409088;0.12800000607967377;0.12611199915409088;0.1268480122089386;0.12611199915409088
model.model.layers.22.self_attn.q_proj;Ours;0.11558400094509125;0.11878400295972824;0.11478400230407715;0.1157120019197464;0.1157120019197464;0.11611519753932953;0.1157120019197464
model.model.layers.22.self_attn.k_proj;Sputnik;0.12492799758911133;0.12492799758911133;0.12489599734544754;0.12483199685811996;0.12399999797344208;0.12471679598093033;0.12489599734544754
model.model.layers.22.self_attn.k_proj;Ours;0.11388800293207169;0.11449600011110306;0.11587200313806534;0.11875200271606445;0.11363200098276138;0.11532799899578094;0.11449600011110306
model.model.layers.22.self_attn.v_proj;Sputnik;0.14233599603176117;0.14211200177669525;0.14131200313568115;0.1422719955444336;0.14233599603176117;0.1420736014842987;0.1422719955444336
model.model.layers.22.self_attn.v_proj;Ours;0.12390399724245071;0.1236800029873848;0.12399999797344208;0.12390399724245071;0.12492799758911133;0.12408319860696793;0.12390399724245071
model.model.layers.22.self_attn.o_proj;Sputnik;0.16793599724769592;0.16896000504493713;0.1679680049419403;0.16793599724769592;0.16886399686336517;0.1683327853679657;0.1679680049419403
model.model.layers.22.self_attn.o_proj;Ours;0.12492799758911133;0.12492799758911133;0.12595200538635254;0.12492799758911133;0.12492799758911133;0.12513279914855957;0.12492799758911133
model.model.layers.22.mlp.gate_proj;Sputnik;0.42003199458122253;0.4179840087890625;0.4188160002231598;0.4177919924259186;0.41977599263191223;0.41887998580932617;0.4188160002231598
model.model.layers.22.mlp.gate_proj;Ours;0.2815999984741211;0.2815999984741211;0.2805759906768799;0.2826240062713623;0.27955201268196106;0.2811903953552246;0.2815999984741211
model.model.layers.22.mlp.up_proj;Sputnik;0.3901439905166626;0.3903680145740509;0.3911679983139038;0.3911679983139038;0.3901439905166626;0.3905983865261078;0.3903680145740509
model.model.layers.22.mlp.up_proj;Ours;0.2590720057487488;0.25811201333999634;0.25990399718284607;0.258976012468338;0.26009601354599;0.2592319846153259;0.2590720057487488
model.model.layers.22.mlp.down_proj;Sputnik;0.37990400195121765;0.37990400195121765;0.3798080086708069;0.37887999415397644;0.3789759874343872;0.37949442863464355;0.3798080086708069
model.model.layers.22.mlp.down_proj;Ours;0.2396160066127777;0.2385919988155365;0.24063999950885773;0.24063999950885773;0.2396160066127777;0.23982079327106476;0.2396160066127777
model.model.layers.23.self_attn.q_proj;Sputnik;0.12390399724245071;0.1279039978981018;0.12412799894809723;0.12390399724245071;0.12390399724245071;0.12474878877401352;0.12390399724245071
model.model.layers.23.self_attn.q_proj;Ours;0.11776000261306763;0.11673600226640701;0.11980800330638885;0.11350400000810623;0.11158400028944016;0.1158784031867981;0.11673600226640701
model.model.layers.23.self_attn.k_proj;Sputnik;0.12284799665212631;0.1228799968957901;0.1228799968957901;0.12390399724245071;0.1228799968957901;0.12307839095592499;0.1228799968957901
model.model.layers.23.self_attn.k_proj;Ours;0.1149120032787323;0.11260800063610077;0.11456000059843063;0.11468800157308578;0.1128000020980835;0.11391359567642212;0.11456000059843063
model.model.layers.23.self_attn.v_proj;Sputnik;0.1443839967250824;0.14454400539398193;0.1443839967250824;0.1443839967250824;0.1443839967250824;0.14441600441932678;0.1443839967250824
model.model.layers.23.self_attn.v_proj;Ours;0.10979200154542923;0.11059200018644333;0.10838399827480316;0.11161600053310394;0.11161600053310394;0.1104000061750412;0.11059200018644333
model.model.layers.23.self_attn.o_proj;Sputnik;0.16486400365829468;0.16383999586105347;0.16390399634838104;0.16486400365829468;0.16486400365829468;0.1644672006368637;0.16486400365829468
model.model.layers.23.self_attn.o_proj;Ours;0.1239359974861145;0.12185599654912949;0.12390399724245071;0.12390399724245071;0.12492799758911133;0.12370560318231583;0.12390399724245071
model.model.layers.23.mlp.gate_proj;Sputnik;0.40323200821876526;0.40243199467658997;0.4025920033454895;0.4034560024738312;0.4034560024738312;0.403033584356308;0.40323200821876526
model.model.layers.23.mlp.gate_proj;Ours;0.27955201268196106;0.2805759906768799;0.2805759906768799;0.27955201268196106;0.2805759906768799;0.2801663875579834;0.2805759906768799
model.model.layers.23.mlp.up_proj;Sputnik;0.3901439905166626;0.3901439905166626;0.38995200395584106;0.3892799913883209;0.3901439905166626;0.3899328112602234;0.3901439905166626
model.model.layers.23.mlp.up_proj;Ours;0.2682879865169525;0.27238398790359497;0.2714560031890869;0.27136000990867615;0.2694079875946045;0.2705792188644409;0.27136000990867615
model.model.layers.23.mlp.down_proj;Sputnik;0.3696640133857727;0.3696640133857727;0.3696640133857727;0.37068799138069153;0.37068799138069153;0.3700736165046692;0.3696640133857727
model.model.layers.23.mlp.down_proj;Ours;0.2231999933719635;0.22015999257564545;0.22220799326896667;0.2231999933719635;0.22220799326896667;0.22219519317150116;0.22220799326896667
model.model.layers.24.self_attn.q_proj;Sputnik;0.13312000036239624;0.13728000223636627;0.13414399325847626;0.13414399325847626;0.13414399325847626;0.13456639647483826;0.13414399325847626
model.model.layers.24.self_attn.q_proj;Ours;0.1157120019197464;0.11468800157308578;0.11558400094509125;0.1157120019197464;0.1157120019197464;0.11548160016536713;0.1157120019197464
model.model.layers.24.self_attn.k_proj;Sputnik;0.12585599720478058;0.12588800489902496;0.12595200538635254;0.12595200538635254;0.12694400548934937;0.12611839175224304;0.12595200538635254
model.model.layers.24.self_attn.k_proj;Ours;0.11264000087976456;0.11468800157308578;0.11449600011110306;0.11776000261306763;0.11776000261306763;0.11546880006790161;0.11468800157308578
model.model.layers.24.self_attn.v_proj;Sputnik;0.14351999759674072;0.14336000382900238;0.14336000382900238;0.14348800480365753;0.14336000382900238;0.1434176117181778;0.14336000382900238
model.model.layers.24.self_attn.v_proj;Ours;0.1074879989027977;0.107744000852108;0.1085439994931221;0.10831999778747559;0.10751999914646149;0.10792319476604462;0.107744000852108
model.model.layers.24.self_attn.o_proj;Sputnik;0.16262400150299072;0.16179199516773224;0.1618880033493042;0.16281600296497345;0.16179199516773224;0.16218239068984985;0.1618880033493042
model.model.layers.24.self_attn.o_proj;Ours;0.11468800157308578;0.1157120019197464;0.11481600254774094;0.11468800157308578;0.11673600226640701;0.11532799899578094;0.11481600254774094
model.model.layers.24.mlp.gate_proj;Sputnik;0.4034560024738312;0.40454399585723877;0.40351998805999756;0.4034560024738312;0.40252798795700073;0.4035007953643799;0.4034560024738312
model.model.layers.24.mlp.gate_proj;Ours;0.2682879865169525;0.27033600211143494;0.2682879865169525;0.2672640085220337;0.2654399871826172;0.2679232060909271;0.2682879865169525
model.model.layers.24.mlp.up_proj;Sputnik;0.37376001477241516;0.37376001477241516;0.37376001477241516;0.37376001477241516;0.3728959858417511;0.3735871911048889;0.37376001477241516
model.model.layers.24.mlp.up_proj;Ours;0.26009601354599;0.25702399015426636;0.2590720057487488;0.26009601354599;0.25804799795150757;0.25886720418930054;0.2590720057487488
model.model.layers.24.mlp.down_proj;Sputnik;0.3768320083618164;0.37596800923347473;0.3768320083618164;0.3766399919986725;0.3758080005645752;0.37641599774360657;0.3766399919986725
model.model.layers.24.mlp.down_proj;Ours;0.22323200106620789;0.22323200106620789;0.22313599288463593;0.22118400037288666;0.22220799326896667;0.2225983887910843;0.22313599288463593
model.model.layers.25.self_attn.q_proj;Sputnik;0.12902399897575378;0.13094399869441986;0.12902399897575378;0.12902399897575378;0.12902399897575378;0.12940800189971924;0.12902399897575378
model.model.layers.25.self_attn.q_proj;Ours;0.11264000087976456;0.11161600053310394;0.11142399907112122;0.11264000087976456;0.11161600053310394;0.11198719590902328;0.11161600053310394
model.model.layers.25.self_attn.k_proj;Sputnik;0.13209599256515503;0.13087999820709229;0.13020800054073334;0.13123199343681335;0.131071999669075;0.13109759986400604;0.131071999669075
model.model.layers.25.self_attn.k_proj;Ours;0.11456000059843063;0.11264000087976456;0.11366400122642517;0.11264000087976456;0.11468800157308578;0.11363840103149414;0.11366400122642517
model.model.layers.25.self_attn.v_proj;Sputnik;0.1443839967250824;0.1443839967250824;0.1443839967250824;0.1443839967250824;0.14454400539398193;0.14441600441932678;0.1443839967250824
model.model.layers.25.self_attn.v_proj;Ours;0.12902399897575378;0.12812800705432892;0.12889599800109863;0.12800000607967377;0.12800000607967377;0.12840959429740906;0.12812800705432892
model.model.layers.25.self_attn.o_proj;Sputnik;0.16182400286197662;0.16179199516773224;0.16179199516773224;0.1619199961423874;0.16179199516773224;0.16182400286197662;0.16179199516773224
model.model.layers.25.self_attn.o_proj;Ours;0.11264000087976456;0.11161600053310394;0.11366400122642517;0.11366400122642517;0.11366400122642517;0.11304960399866104;0.11366400122642517
model.model.layers.25.mlp.gate_proj;Sputnik;0.3879680037498474;0.3868800103664398;0.3880639970302582;0.38703998923301697;0.38707199692726135;0.38740482926368713;0.38707199692726135
model.model.layers.25.mlp.gate_proj;Ours;0.27750399708747864;0.27327999472618103;0.27344000339508057;0.2743679881095886;0.2744320034980774;0.27460479736328125;0.2743679881095886
model.model.layers.25.mlp.up_proj;Sputnik;0.37273600697517395;0.37376001477241516;0.3755840063095093;0.37459200620651245;0.3747200071811676;0.37427839636802673;0.37459200620651245
model.model.layers.25.mlp.up_proj;Ours;0.26307201385498047;0.26009601354599;0.26009601354599;0.2682879865169525;0.25990399718284607;0.26229122281074524;0.26009601354599
model.model.layers.25.mlp.down_proj;Sputnik;0.3635840117931366;0.36454400420188904;0.36556801199913025;0.36454400420188904;0.36444801092147827;0.36453762650489807;0.36454400420188904
model.model.layers.25.mlp.down_proj;Ours;0.19334399700164795;0.1934400051832199;0.19363200664520264;0.1945600062608719;0.1945600062608719;0.19390720129013062;0.19363200664520264
model.model.layers.26.self_attn.q_proj;Sputnik;0.12697599828243256;0.12988799810409546;0.12697599828243256;0.12595200538635254;0.12611199915409088;0.1271807998418808;0.12697599828243256
model.model.layers.26.self_attn.q_proj;Ours;0.11264000087976456;0.11264000087976456;0.11670400202274323;0.11247999966144562;0.1117440015077591;0.11324159801006317;0.11264000087976456
model.model.layers.26.self_attn.k_proj;Sputnik;0.12595200538635254;0.12595200538635254;0.12492799758911133;0.12595200538635254;0.12595200538635254;0.1257472038269043;0.12595200538635254
model.model.layers.26.self_attn.k_proj;Ours;0.11673600226640701;0.12191999703645706;0.11878400295972824;0.12185599654912949;0.11468800157308578;0.11879680305719376;0.11878400295972824
model.model.layers.26.self_attn.v_proj;Sputnik;0.1443839967250824;0.1443839967250824;0.1443839967250824;0.14422400295734406;0.14643199741840363;0.1447615921497345;0.1443839967250824
model.model.layers.26.self_attn.v_proj;Ours;0.10252799838781357;0.10342399775981903;0.10444799810647964;0.10547199845314026;0.10435199737548828;0.10404479503631592;0.10435199737548828
model.model.layers.26.self_attn.o_proj;Sputnik;0.159743994474411;0.16051200032234192;0.159743994474411;0.159743994474411;0.159743994474411;0.1598975956439972;0.159743994474411
model.model.layers.26.self_attn.o_proj;Ours;0.1085439994931221;0.10956799983978271;0.2160000056028366;0.10956799983978271;0.1085439994931221;0.13044479489326477;0.10956799983978271
model.model.layers.26.mlp.gate_proj;Sputnik;0.39027199149131775;0.3911679983139038;0.392192006111145;0.3901439905166626;0.3911679983139038;0.3909887969493866;0.3911679983139038
model.model.layers.26.mlp.gate_proj;Ours;0.27459201216697693;0.2735680043697357;0.2744320034980774;0.2754879891872406;0.2754560112953186;0.27470719814300537;0.27459201216697693
model.model.layers.26.mlp.up_proj;Sputnik;0.45772799849510193;0.3718400001525879;0.3726400136947632;0.3725759983062744;0.37171199917793274;0.389299213886261;0.3725759983062744
model.model.layers.26.mlp.up_proj;Ours;0.26316800713539124;0.4055039882659912;0.26214399933815;0.26422399282455444;0.26214399933815;0.2914368212223053;0.26316800713539124
model.model.layers.26.mlp.down_proj;Sputnik;0.3901439905166626;0.3891200125217438;0.3891200125217438;0.3891200125217438;0.3891200125217438;0.38932478427886963;0.3891200125217438
model.model.layers.26.mlp.down_proj;Ours;0.20479999482631683;0.20377600193023682;0.20684799551963806;0.2027519941329956;0.20479999482631683;0.20459520816802979;0.20479999482631683
model.model.layers.27.self_attn.q_proj;Sputnik;0.12185599654912949;0.12489599734544754;0.12284799665212631;0.12185599654912949;0.1228799968957901;0.12286718934774399;0.12284799665212631
model.model.layers.27.self_attn.q_proj;Ours;0.10547199845314026;0.10547199845314026;0.10569600015878677;0.10444799810647964;0.1066880002617836;0.10555519908666611;0.10547199845314026
model.model.layers.27.self_attn.k_proj;Sputnik;0.12902399897575378;0.12902399897575378;0.130048006772995;0.12902399897575378;0.131071999669075;0.1296384036540985;0.12902399897575378
model.model.layers.27.self_attn.k_proj;Ours;0.10956799983978271;0.10835199803113937;0.10761599987745285;0.10751999914646149;0.10649599879980087;0.1079104095697403;0.10761599987745285
model.model.layers.27.self_attn.v_proj;Sputnik;0.1454080045223236;0.14627200365066528;0.1454080045223236;0.2876800000667572;0.1454080045223236;0.1740352213382721;0.1454080045223236
model.model.layers.27.self_attn.v_proj;Ours;0.11654400080442429;0.11667200177907944;0.11673600226640701;0.11776000261306763;0.1157120019197464;0.11668479442596436;0.11667200177907944
model.model.layers.27.self_attn.o_proj;Sputnik;0.15647999942302704;0.15667200088500977;0.15753600001335144;0.15583999454975128;0.15667200088500977;0.15663999319076538;0.15667200088500977
model.model.layers.27.self_attn.o_proj;Ours;0.09932799637317657;0.09728000313043594;0.10035199671983719;0.09948799759149551;0.09830400347709656;0.09895040094852448;0.09932799637317657
model.model.layers.27.mlp.gate_proj;Sputnik;0.3758719861507416;0.3758080005645752;0.37667199969291687;0.37673598527908325;0.3758080005645752;0.37617921829223633;0.3758719861507416
model.model.layers.27.mlp.gate_proj;Ours;0.2549760043621063;0.2539199888706207;0.2529279887676239;0.25600001215934753;0.2540479898452759;0.2543744146823883;0.2540479898452759
model.model.layers.27.mlp.up_proj;Sputnik;0.4074240028858185;0.3694080114364624;0.3696640133857727;0.368831992149353;0.3696640133857727;0.3769983947277069;0.3696640133857727
model.model.layers.27.mlp.up_proj;Ours;0.24268800020217896;0.2467840015888214;0.3164159953594208;0.24143999814987183;0.24275200068950653;0.25801602005958557;0.24275200068950653
model.model.layers.27.mlp.down_proj;Sputnik;0.3818880021572113;0.3811199963092804;0.3811199963092804;0.3821119964122772;0.38179200887680054;0.38160640001296997;0.38179200887680054
model.model.layers.27.mlp.down_proj;Ours;0.18534399569034576;0.18534399569034576;0.18432000279426575;0.18617600202560425;0.18636800348758698;0.18551041185855865;0.18534399569034576
model.model.layers.28.self_attn.q_proj;Sputnik;0.12083200365304947;0.12195199728012085;0.12185599654912949;0.12099199742078781;0.12176000326871872;0.12147840112447739;0.12176000326871872
model.model.layers.28.self_attn.q_proj;Ours;0.11059200018644333;0.1085439994931221;0.10956799983978271;0.10751999914646149;0.10547199845314026;0.10833920538425446;0.1085439994931221
model.model.layers.28.self_attn.k_proj;Sputnik;0.12902399897575378;0.130048006772995;0.12812800705432892;0.1300159990787506;0.130048006772995;0.12945279479026794;0.1300159990787506
model.model.layers.28.self_attn.k_proj;Ours;0.10966400057077408;0.11059200018644333;0.11161600053310394;0.10963200032711029;0.10956799983978271;0.11021439731121063;0.10966400057077408
model.model.layers.28.self_attn.v_proj;Sputnik;0.13923199474811554;0.13926400244235992;0.1515520066022873;0.1382399946451187;0.13926400244235992;0.14151039719581604;0.13926400244235992
model.model.layers.28.self_attn.v_proj;Ours;0.11993599683046341;0.12080000340938568;0.11987199634313583;0.11980800330638885;0.11980800330638885;0.12004480510950089;0.11987199634313583
model.model.layers.28.self_attn.o_proj;Sputnik;0.1554879993200302;0.15564799308776855;0.15462400019168854;0.15462400019168854;0.15478399395942688;0.15503358840942383;0.15478399395942688
model.model.layers.28.self_attn.o_proj;Ours;0.09728000313043594;0.09728000313043594;0.09625600278377533;0.09728000313043594;0.09603200107812881;0.09682560712099075;0.09728000313043594
model.model.layers.28.mlp.gate_proj;Sputnik;0.36764800548553467;0.3676159977912903;0.3686400055885315;0.3686400055885315;0.3686400055885315;0.368236780166626;0.3686400055885315
model.model.layers.28.mlp.gate_proj;Ours;0.2590720057487488;0.25804799795150757;0.26009601354599;0.26009601354599;0.26022401452064514;0.2595072388648987;0.26009601354599
model.model.layers.28.mlp.up_proj;Sputnik;0.3604480028152466;0.3614720106124878;0.37068799138069153;0.36243200302124023;0.36236798763275146;0.3634815812110901;0.36236798763275146
model.model.layers.28.mlp.up_proj;Ours;0.2396160066127777;0.23955200612545013;0.23756800591945648;0.23654399812221527;0.2385600060224533;0.23836800456047058;0.2385600060224533
model.model.layers.28.mlp.down_proj;Sputnik;0.38707199692726135;0.38604798913002014;0.3850240111351013;0.39321601390838623;0.3850240111351013;0.387276828289032;0.38604798913002014
model.model.layers.28.mlp.down_proj;Ours;0.23865599930286407;0.1794240027666092;0.1802240014076233;0.1812479943037033;0.1812479943037033;0.1921599954366684;0.1812479943037033
model.model.layers.29.self_attn.q_proj;Sputnik;0.1318719983100891;0.1351040005683899;0.13331200182437897;0.13414399325847626;0.13209599256515503;0.1333055943250656;0.13331200182437897
model.model.layers.29.self_attn.q_proj;Ours;0.11059200018644333;0.10956799983978271;0.10956799983978271;0.11286400258541107;0.11878400295972824;0.11227520555257797;0.11059200018644333
model.model.layers.29.self_attn.k_proj;Sputnik;0.13209599256515503;0.13209599256515503;0.13414399325847626;0.13209599256515503;0.1311360001564026;0.1323135942220688;0.13209599256515503
model.model.layers.29.self_attn.k_proj;Ours;0.11161600053310394;0.11161600053310394;0.1096000000834465;0.11366400122642517;0.11161600053310394;0.1116224080324173;0.11161600053310394
model.model.layers.29.self_attn.v_proj;Sputnik;0.1454399973154068;0.14636799693107605;0.1454080045223236;0.14630399644374847;0.1454080045223236;0.1457855999469757;0.1454399973154068
model.model.layers.29.self_attn.v_proj;Ours;0.11657600104808807;0.11673600226640701;0.11776000261306763;0.11776000261306763;0.11776000261306763;0.11731840670108795;0.11776000261306763
model.model.layers.29.self_attn.o_proj;Sputnik;0.16099199652671814;0.16179199516773224;0.1608320027589798;0.1608320027589798;0.1608320027589798;0.16105599701404572;0.1608320027589798
model.model.layers.29.self_attn.o_proj;Ours;0.10239999741315842;0.09932799637317657;0.1005759984254837;0.10035199671983719;0.1013759970664978;0.10080639272928238;0.1005759984254837
model.model.layers.29.mlp.gate_proj;Sputnik;0.3655039966106415;0.362527996301651;0.36454400420188904;0.3635199964046478;0.3635199964046478;0.36392322182655334;0.3635199964046478
model.model.layers.29.mlp.gate_proj;Ours;0.25091201066970825;0.2519040107727051;0.25088000297546387;0.25094398856163025;0.2519040107727051;0.251308798789978;0.25094398856163025
model.model.layers.29.mlp.up_proj;Sputnik;0.34595200419425964;0.347135990858078;0.34617599844932556;0.347135990858078;0.34508800506591797;0.34629762172698975;0.34617599844932556
model.model.layers.29.mlp.up_proj;Ours;0.23020799458026886;0.2353920042514801;0.23043200373649597;0.23449599742889404;0.2314240038394928;0.2323904037475586;0.2314240038394928
model.model.layers.29.mlp.down_proj;Sputnik;0.38092800974845886;0.3800959885120392;0.38092800974845886;0.37990400195121765;0.38092800974845886;0.3805568218231201;0.38092800974845886
model.model.layers.29.mlp.down_proj;Ours;0.16076800227165222;0.15561600029468536;0.15667200088500977;0.158720001578331;0.15779200196266174;0.15791359543800354;0.15779200196266174
model.model.layers.30.self_attn.q_proj;Sputnik;0.13318400084972382;0.13414399325847626;0.13209599256515503;0.131071999669075;0.13209599256515503;0.13251839578151703;0.13209599256515503
model.model.layers.30.self_attn.q_proj;Ours;0.11161600053310394;0.11468800157308578;0.11568000167608261;0.11135999858379364;0.11356800049543381;0.11338239908218384;0.11356800049543381
model.model.layers.30.self_attn.k_proj;Sputnik;0.12800000607967377;0.12675200402736664;0.12697599828243256;0.12796799838542938;0.12675200402736664;0.12728960812091827;0.12697599828243256
model.model.layers.30.self_attn.k_proj;Ours;0.10239999741315842;0.10054399818181992;0.1013759970664978;0.10342399775981903;0.10239999741315842;0.10202880203723907;0.10239999741315842
model.model.layers.30.self_attn.v_proj;Sputnik;0.13516800105571747;0.13619199395179749;0.13619199395179749;0.13516800105571747;0.13619199395179749;0.135782390832901;0.13619199395179749
model.model.layers.30.self_attn.v_proj;Ours;0.13926400244235992;0.1382399946451187;0.1382399946451187;0.1382399946451187;0.1372160017490387;0.1382399946451187;0.1382399946451187
model.model.layers.30.self_attn.o_proj;Sputnik;0.1566080003976822;0.15667200088500977;0.15564799308776855;0.15667200088500977;0.15568000078201294;0.15625599026679993;0.1566080003976822
model.model.layers.30.self_attn.o_proj;Ours;0.09318400174379349;0.09414400160312653;0.09318400174379349;0.0942080020904541;0.09232000261545181;0.09340800344944;0.09318400174379349
model.model.layers.30.mlp.gate_proj;Sputnik;0.3696640133857727;0.3696640133857727;0.37068799138069153;0.3696640133857727;0.3696640133857727;0.36986881494522095;0.3696640133857727
model.model.layers.30.mlp.gate_proj;Ours;0.25891199707984924;0.2590720057487488;0.26009601354599;0.25603199005126953;0.2590720057487488;0.25863680243492126;0.2590720057487488
model.model.layers.30.mlp.up_proj;Sputnik;0.3461120128631592;0.5160959959030151;0.34515199065208435;0.34534400701522827;0.3449920117855072;0.3795391917228699;0.34534400701522827
model.model.layers.30.mlp.up_proj;Ours;0.22947199642658234;0.2314240038394928;0.22630399465560913;0.23654399812221527;0.22732800245285034;0.23021438717842102;0.22947199642658234
model.model.layers.30.mlp.down_proj;Sputnik;0.3758080005645752;0.3758080005645752;0.374783992767334;0.374783992767334;0.4106239974498749;0.38236159086227417;0.3758080005645752
model.model.layers.30.mlp.down_proj;Ours;0.14867199957370758;0.14745600521564484;0.15052799880504608;0.15033599734306335;0.15052799880504608;0.14950399100780487;0.15033599734306335
model.model.layers.31.self_attn.q_proj;Sputnik;0.12902399897575378;0.131071999669075;0.12800000607967377;0.1281919926404953;0.2322559952735901;0.1497088074684143;0.12902399897575378
model.model.layers.31.self_attn.q_proj;Ours;0.10035199671983719;0.10028800368309021;0.09932799637317657;0.10342399775981903;0.10527999699115753;0.10173439979553223;0.10035199671983719
model.model.layers.31.self_attn.k_proj;Sputnik;0.131071999669075;0.130048006772995;0.131071999669075;0.12908799946308136;0.12902399897575378;0.1300608068704605;0.130048006772995
model.model.layers.31.self_attn.k_proj;Ours;0.1013759970664978;0.10224000364542007;0.10444799810647964;0.10239999741315842;0.10239999741315842;0.10257279872894287;0.10239999741315842
model.model.layers.31.self_attn.v_proj;Sputnik;0.1454080045223236;0.1454080045223236;0.1454080045223236;0.1454080045223236;0.1454080045223236;0.1454080045223236;0.1454080045223236
model.model.layers.31.self_attn.v_proj;Ours;0.12783999741077423;0.12883199751377106;0.12800000607967377;0.12902399897575378;0.12694400548934937;0.12812800705432892;0.12800000607967377
model.model.layers.31.self_attn.o_proj;Sputnik;0.15052799880504608;0.15056000649929047;0.1515520066022873;0.15136000514030457;0.1515520066022873;0.15111041069030762;0.15136000514030457
model.model.layers.31.self_attn.o_proj;Ours;0.0727040022611618;0.07065600156784058;0.07065600156784058;0.07475200295448303;0.07468800246715546;0.07269120216369629;0.0727040022611618
model.model.layers.31.mlp.gate_proj;Sputnik;0.39206400513648987;0.3911679983139038;0.3911679983139038;0.3922879993915558;0.39212799072265625;0.39176318049430847;0.39206400513648987
model.model.layers.31.mlp.gate_proj;Ours;0.27561599016189575;0.27955201268196106;0.27852800488471985;0.2764799892902374;0.2784320116043091;0.2777215838432312;0.2784320116043091
model.model.layers.31.mlp.up_proj;Sputnik;0.37171199917793274;0.37273600697517395;0.37273600697517395;0.37254399061203003;0.37171199917793274;0.3722879886627197;0.37254399061203003
model.model.layers.31.mlp.up_proj;Ours;0.3973119854927063;0.22118400037288666;0.22307200729846954;0.2181120067834854;0.22201600670814514;0.2563392221927643;0.22201600670814514
model.model.layers.31.mlp.down_proj;Sputnik;0.35523200035095215;0.35452800989151;0.3553279936313629;0.3553279936313629;0.3553279936313629;0.3551487922668457;0.3553279936313629
model.model.layers.31.mlp.down_proj;Ours;0.11878400295972824;0.1149120032787323;0.11484800279140472;0.11584000289440155;0.11683200299739838;0.11624320596456528;0.11584000289440155
model.lm_head;Sputnik;0.8529919981956482;0.8529919981956482;0.8550400137901306;0.857088029384613;0.8550400137901306;0.8546303510665894;0.8550400137901306
model.lm_head;Ours;0.4208639860153198;0.4177919924259186;0.41676801443099976;0.4188160002231598;0.4179520010948181;0.4184384346008301;0.4179520010948181
